,SMILES,pIC50 (IC50 in microM),selfies,activity
35,CC1=C(C(C)=C(C#N)C(=N1)S(=O)(=O)C1=CC=CC=C1)[N+]([O-])=O,-1.113943352,[C][C][=C][Branch2][Ring1][#C][C][Branch1][C][C][=C][Branch1][Ring1][C][#N][C][=Branch1][Ring2][=N][Ring1][=Branch2][S][=Branch1][C][=O][=Branch1][C][=O][C][=C][C][=C][C][=C][Ring1][=Branch1][N+1][Branch1][C][O-1][=O],No.
79,O=C1N(CC2=CC=C3C=CC=CC3=C2)C2=CC=C(C=C2C1=O)S(=O)(=O)N1CCCCC1,-1.146128036,[O][=C][N][Branch1][S][C][C][=C][C][=C][C][=C][C][=C][C][Ring1][=Branch1][=C][Ring1][#Branch2][C][=C][C][=C][Branch1][#Branch2][C][=C][Ring1][=Branch1][C][Ring2][Ring1][Ring2][=O][S][=Branch1][C][=O][=Branch1][C][=O][N][C][C][C][C][C][Ring1][=Branch1],No.
60,ClC1=CC(CN2CCN(CC2)S(=O)(=O)C2=CC3=C(NC(=O)C3=O)C=C2)=CC=C1,-1.501196242,[Cl][C][=C][C][Branch2][Ring2][=Branch1][C][N][C][C][N][Branch1][Branch1][C][C][Ring1][=Branch1][S][=Branch1][C][=O][=Branch1][C][=O][C][=C][C][=C][Branch1][#Branch2][N][C][=Branch1][C][=O][C][Ring1][=Branch1][=O][C][=C][Ring1][O][=C][C][=C][Ring2][Ring1][O],No.
1,CN1N=C(C=C1C(F)(F)F)C1=CC=C(S1)C1=CC=NC(SCC(=O)NC2=CC=C(Cl)C=C2)=N1,-1,[C][N][N][=C][Branch1][=N][C][=C][Ring1][Branch1][C][Branch1][C][F][Branch1][C][F][F][C][=C][C][=C][Branch1][Ring2][S][Ring1][Branch1][C][=C][C][=N][C][Branch2][Ring1][Ring1][S][C][C][=Branch1][C][=O][N][C][=C][C][=C][Branch1][C][Cl][C][=C][Ring1][#Branch1][=N][Ring2][Ring1][C],No.
87,BrC1=C2N(CC3=CC4=CC=CC=C4S3)C(=O)C(=O)C2=CC=C1,0.008773924,[Br][C][=C][N][Branch1][#C][C][C][=C][C][=C][C][=C][C][=C][Ring1][=Branch1][S][Ring1][=Branch2][C][=Branch1][C][=O][C][=Branch1][C][=O][C][Ring1][P][=C][C][=C][Ring2][Ring1][Branch1],Yes.
77,O=C1N(CC2=CC=C3C=CC=CC3=C2)C2=CC=C(C=C2C1=O)S(=O)(=O)N1CCN(CCC2=CC=CC=C2)CC1,-1.14176323,[O][=C][N][Branch1][S][C][C][=C][C][=C][C][=C][C][=C][C][Ring1][=Branch1][=C][Ring1][#Branch2][C][=C][C][=C][Branch1][#Branch2][C][=C][Ring1][=Branch1][C][Ring2][Ring1][Ring2][=O][S][=Branch1][C][=O][=Branch1][C][=O][N][C][C][N][Branch1][O][C][C][C][=C][C][=C][C][=C][Ring1][=Branch1][C][C][Ring1][=C],No.
139,C1=NC(=NN1C2C(C(C(O2)CO)O)O)C(=O)N,0,[C][=N][C][=Branch2][Ring1][=Branch1][=N][N][Ring1][Branch1][C][C][Branch1][=N][C][Branch1][=Branch2][C][Branch1][Ring2][O][Ring1][Branch1][C][O][O][O][C][=Branch1][C][=O][N],Yes.
178,CC1=C(C(=CC=C1)Cl)NC(=O)C2=CN=C(S2)NC3=CC(=NC(=N3)C)N4CCN(CC4)CCO,0,[C][C][=C][Branch1][#Branch2][C][=Branch1][=Branch1][=C][C][=C][Ring1][=Branch1][Cl][N][C][=Branch1][C][=O][C][=C][N][=C][Branch1][Ring2][S][Ring1][Branch1][N][C][=C][C][=Branch1][=Branch2][=N][C][=Branch1][Ring2][=N][Ring1][=Branch1][C][N][C][C][N][Branch1][Branch1][C][C][Ring1][=Branch1][C][C][O],Yes.
108,C1CN(CCC1(C2=CC=C(C=C2)Cl)O)CCCC(=O)C3=CC=C(C=C3)F,0,[C][C][N][Branch2][Ring1][Ring2][C][C][C][Ring1][=Branch1][Branch1][N][C][=C][C][=C][Branch1][Branch1][C][=C][Ring1][=Branch1][Cl][O][C][C][C][C][=Branch1][C][=O][C][=C][C][=C][Branch1][Branch1][C][=C][Ring1][=Branch1][F],Yes.
85,O=C1N(CC2=CC3=CC=CC=C3S2)C2=CC=CC=C2C1=O,-1.117602692,[O][=C][N][Branch1][#C][C][C][=C][C][=C][C][=C][C][=C][Ring1][=Branch1][S][Ring1][=Branch2][C][=C][C][=C][C][=C][Ring1][=Branch1][C][Ring2][Ring1][Ring1][=O],No.
213,CCC(C)C(C(=O)NC(CC(C)C)C(=O)NC(CC(=O)N)C(=O)O)NC(=O)C(CO)NC(=O)C(CC(=O)N)NC(=O)C(CC(C)C)NC(=O)C(CC1=CC=C(C=C1)O)NC(=O)C(CCCCN)NC(=O)C(CCCCN)NC(=O)C(C(C)C)NC(=O)C(C)NC(=O)C(CCSC)NC(=O)C(CCC(=O)N)NC(=O)C(CCCCN)NC(=O)C(CCCNC(=N)N)NC(=O)C(CC(C)C)NC(=O)C(CCCNC(=N)N)NC(=O)C(C(C)O)NC(=O)C(CC2=CC=C(C=C2)O)NC(=O)C(CC(=O)N)NC(=O)C(CC(=O)O)NC(=O)C(C(C)O)NC(=O)C(CC3=CC=CC=C3)NC(=O)C(C(C)C)NC(=O)C(C)NC(=O)C(CC(=O)O)NC(=O)C(CO)NC(=O)C(CC4=CN=CN4)N,0,[C][C][C][Branch1][C][C][C][Branch2][Ring2][C][C][=Branch1][C][=O][N][C][Branch1][#Branch1][C][C][Branch1][C][C][C][C][=Branch1][C][=O][N][C][Branch1][#Branch1][C][C][=Branch1][C][=O][N][C][=Branch1][C][=O][O][N][C][=Branch1][C][=O][C][Branch1][Ring1][C][O][N][C][=Branch1][C][=O][C][Branch1][#Branch1][C][C][=Branch1][C][=O][N][N][C][=Branch1][C][=O][C][Branch1][#Branch1][C][C][Branch1][C][C][C][N][C][=Branch1][C][=O][C][Branch1][=N][C][C][=C][C][=C][Branch1][Branch1][C][=C][Ring1][=Branch1][O][N][C][=Branch1][C][=O][C][Branch1][=Branch1][C][C][C][C][N][N][C][=Branch1][C][=O][C][Branch1][=Branch1][C][C][C][C][N][N][C][=Branch1][C][=O][C][Branch1][=Branch1][C][Branch1][C][C][C][N][C][=Branch1][C][=O][C][Branch1][C][C][N][C][=Branch1][C][=O][C][Branch1][Branch1][C][C][S][C][N][C][=Branch1][C][=O][C][Branch1][Branch2][C][C][C][=Branch1][C][=O][N][N][C][=Branch1][C][=O][C][Branch1][=Branch1][C][C][C][C][N][N][C][=Branch1][C][=O][C][Branch1][#Branch2][C][C][C][N][C][=Branch1][C][=N][N][N][C][=Branch1][C][=O][C][Branch1][#Branch1][C][C][Branch1][C][C][C][N][C][=Branch1][C][=O][C][Branch1][#Branch2][C][C][C][N][C][=Branch1][C][=N][N][N][C][=Branch1][C][=O][C][Branch1][=Branch1][C][Branch1][C][C][O][N][C][=Branch1][C][=O][C][Branch1][=N][C][C][=C][C][=C][Branch1][Branch1][C][=C][Ring1][=Branch1][O][N][C][=Branch1][C][=O][C][Branch1][#Branch1][C][C][=Branch1][C][=O][N][N][C][=Branch1][C][=O][C][Branch1][#Branch1][C][C][=Branch1][C][=O][O][N][C][=Branch1][C][=O][C][Branch1][=Branch1][C][Branch1][C][C][O][N][C][=Branch1][C][=O][C][Branch1][#Branch2][C][C][=C][C][=C][C][=C][Ring1][=Branch1][N][C][=Branch1][C][=O][C][Branch1][=Branch1][C][Branch1][C][C][C][N][C][=Branch1][C][=O][C][Branch1][C][C][N][C][=Branch1][C][=O][C][Branch1][#Branch1][C][C][=Branch1][C][=O][O][N][C][=Branch1][C][=O][C][Branch1][Ring1][C][O][N][C][=Branch1][C][=O][C][Branch1][=Branch2][C][C][=C][N][=C][N][Ring1][Branch1][N],Yes.
246,C1=CN(C(=O)N=C1N)C2C(C(C(O2)COP(=O)(O)O)O)O.C1=CN(C(=O)NC1=O)C2C(C(C(O2)COP(=O)(O)O)O)O.C1=NC2=C(C(=O)N1)N=CN2C3C(C(C(O3)COP(=O)(O)O)O)O,0,[C][=C][N][Branch1][#Branch2][C][=Branch1][C][=O][N][=C][Ring1][#Branch1][N][C][C][Branch2][Ring1][Branch1][C][Branch1][P][C][Branch1][Ring2][O][Ring1][Branch1][C][O][P][=Branch1][C][=O][Branch1][C][O][O][O][O].[C][=C][N][Branch1][#Branch2][C][=Branch1][C][=O][N][C][Ring1][#Branch1][=O][C][C][Branch2][Ring1][Branch1][C][Branch1][P][C][Branch1][Ring2][O][Ring1][Branch1][C][O][P][=Branch1][C][=O][Branch1][C][O][O][O][O].[C][=N][C][=C][Branch1][Branch2][C][=Branch1][C][=O][N][Ring1][#Branch1][N][=C][N][Ring1][Branch2][C][C][Branch2][Ring1][Branch1][C][Branch1][P][C][Branch1][Ring2][O][Ring1][Branch1][C][O][P][=Branch1][C][=O][Branch1][C][O][O][O][O],Yes.
254,CC[C@H](C)[C@H](NC(=O)[C@H](C)NC(=O)[C@H](CCC(=O)O)NC(=O)[C@H](CCC(=O)O)NC(=O)[C@H](CC(C)C)NC(=O)[C@H](CCCCN)NC(=O)[C@H](CCCCN)NC(=O)[C@H](CCSC)NC(=O)[C@H](CCC(=O)O)NC(=O)[C@H](Cc1ccc(O)cc1)NC(=O)[C@H](CCC(=O)O)NC(=O)[C@H](CC(C)C)NC(=O)[C@H](CC(=O)O)NC(=O)[C@H](CC(C)C)NC(=O)[C@H](Cc1ccccc1)NC(=O)[C@@H](NC(=O)[C@@H](NC(=O)[C@H](CC(N)=O)NC(=O)[C@@H](NC(=O)[C@H](CCC(N)=O)NC(=O)[C@H](CC(=O)O)NC(=O)[C@H](CC(C)C)NC(=O)[C@@H](N)CO)[C@@H](C)CC)C(C)C)[C@@H](C)O)C(=O)N[C@@H](CCCCN)C(=O)N[C@@H](CCCCN)C(=O)N[C@@H](CC(C)C)C(=O)N[C@@H](CCC(=O)O)C(=O)N[C@@H](CCC(=O)O)C(=O)N[C@@H](CO)C(=O)N[C@@H](Cc1ccc(O)cc1)C(=O)N[C@H](C(=O)N[C@@H](CC(=O)O)C(=O)N[C@@H](CC(C)C)C(=O)N[C@@H](CCCCN)C(=O)N[C@@H](CCC(=O)O)C(=O)N[C@@H](CC(C)C)C(=O)O)[C@@H](C)CC,0,[C][C][C@H1][Branch1][C][C][C@H1][Branch3][Ring1][Branch1][Branch2][N][C][=Branch1][C][=O][C@H1][Branch1][C][C][N][C][=Branch1][C][=O][C@H1][Branch1][Branch2][C][C][C][=Branch1][C][=O][O][N][C][=Branch1][C][=O][C@H1][Branch1][Branch2][C][C][C][=Branch1][C][=O][O][N][C][=Branch1][C][=O][C@H1][Branch1][#Branch1][C][C][Branch1][C][C][C][N][C][=Branch1][C][=O][C@H1][Branch1][=Branch1][C][C][C][C][N][N][C][=Branch1][C][=O][C@H1][Branch1][=Branch1][C][C][C][C][N][N][C][=Branch1][C][=O][C@H1][Branch1][Branch1][C][C][S][C][N][C][=Branch1][C][=O][C@H1][Branch1][Branch2][C][C][C][=Branch1][C][=O][O][N][C][=Branch1][C][=O][C@H1][Branch1][=N][C][C][=C][C][=C][Branch1][C][O][C][=C][Ring1][#Branch1][N][C][=Branch1][C][=O][C@H1][Branch1][Branch2][C][C][C][=Branch1][C][=O][O][N][C][=Branch1][C][=O][C@H1][Branch1][#Branch1][C][C][Branch1][C][C][C][N][C][=Branch1][C][=O][C@H1][Branch1][#Branch1][C][C][=Branch1][C][=O][O][N][C][=Branch1][C][=O][C@H1][Branch1][#Branch1][C][C][Branch1][C][C][C][N][C][=Branch1][C][=O][C@H1][Branch1][#Branch2][C][C][=C][C][=C][C][=C][Ring1][=Branch1][N][C][=Branch1][C][=O][C@@H1][Branch2][Branch2][C][N][C][=Branch1][C][=O][C@@H1][Branch2][#Branch1][Ring2][N][C][=Branch1][C][=O][C@H1][Branch1][#Branch1][C][C][Branch1][C][N][=O][N][C][=Branch1][C][=O][C@@H1][Branch2][Branch1][#Branch1][N][C][=Branch1][C][=O][C@H1][Branch1][Branch2][C][C][C][Branch1][C][N][=O][N][C][=Branch1][C][=O][C@H1][Branch1][#Branch1][C][C][=Branch1][C][=O][O][N][C][=Branch1][C][=O][C@H1][Branch1][#Branch1][C][C][Branch1][C][C][C][N][C][=Branch1][C][=O][C@@H1][Branch1][C][N][C][O][C@@H1][Branch1][C][C][C][C][C][Branch1][C][C][C][C@@H1][Branch1][C][C][O][C][=Branch1][C][=O][N][C@@H1][Branch1][=Branch1][C][C][C][C][N][C][=Branch1][C][=O][N][C@@H1][Branch1][=Branch1][C][C][C][C][N][C][=Branch1][C][=O][N][C@@H1][Branch1][#Branch1][C][C][Branch1][C][C][C][C][=Branch1][C][=O][N][C@@H1][Branch1][Branch2][C][C][C][=Branch1][C][=O][O][C][=Branch1][C][=O][N][C@@H1][Branch1][Branch2][C][C][C][=Branch1][C][=O][O][C][=Branch1][C][=O][N][C@@H1][Branch1][Ring1][C][O][C][=Branch1][C][=O][N][C@@H1][Branch1][=N][C][C][=C][C][=C][Branch1][C][O][C][=C][Ring1][#Branch1][C][=Branch1][C][=O][N][C@H1][Branch2][=Branch1][N][C][=Branch1][C][=O][N][C@@H1][Branch1][#Branch1][C][C][=Branch1][C][=O][O][C][=Branch1][C][=O][N][C@@H1][Branch1][#Branch1][C][C][Branch1][C][C][C][C][=Branch1][C][=O][N][C@@H1][Branch1][=Branch1][C][C][C][C][N][C][=Branch1][C][=O][N][C@@H1][Branch1][Branch2][C][C][C][=Branch1][C][=O][O][C][=Branch1][C][=O][N][C@@H1][Branch1][#Branch1][C][C][Branch1][C][C][C][C][=Branch1][C][=O][O][C@@H1][Branch1][C][C][C][C],Yes.
50,ClC1=CC=C(C=C1)C1=CC=C(O1)C(=O)OC1=CN=CC(Cl)=C1,1.200659451,[Cl][C][=C][C][=C][Branch1][Branch1][C][=C][Ring1][=Branch1][C][=C][C][=C][Branch1][Ring2][O][Ring1][Branch1][C][=Branch1][C][=O][O][C][=C][N][=C][C][Branch1][C][Cl][=C][Ring1][#Branch1],Yes.
55,ClC1=CC(OC(=O)C2=CN=CC=C2)=CN=C1,0.156767222,[Cl][C][=C][C][Branch1][=C][O][C][=Branch1][C][=O][C][=C][N][=C][C][=C][Ring1][=Branch1][=C][N][=C][Ring1][#C],Yes.
53,[O-][N+](=O)C1=CC=CC(=C1)C1=CC=C(O1)C(=O)OC1=CN=CC(Cl)=C1,0.301029996,[O-1][N+1][=Branch1][C][=O][C][=C][C][=C][C][=Branch1][Ring2][=C][Ring1][=Branch1][C][=C][C][=C][Branch1][Ring2][O][Ring1][Branch1][C][=Branch1][C][=O][O][C][=C][N][=C][C][Branch1][C][Cl][=C][Ring1][#Branch1],Yes.
158,CN(CC1=CN=C2C(=N1)C(=NC(=N2)N)N)C3=CC=C(C=C3)C(=O)NC(CCC(=O)O)C(=O)O,0,[C][N][Branch2][Ring1][Branch2][C][C][=C][N][=C][C][=Branch1][Ring2][=N][Ring1][=Branch1][C][=Branch1][=Branch2][=N][C][=Branch1][Ring2][=N][Ring1][#Branch1][N][N][C][=C][C][=C][Branch1][Branch1][C][=C][Ring1][=Branch1][C][=Branch1][C][=O][N][C][Branch1][Branch2][C][C][C][=Branch1][C][=O][O][C][=Branch1][C][=O][O],Yes.
214,CC1=CN=C(N=C1NC2=CC(=CC=C2)S(=O)(=O)NC(C)(C)C)NC3=CC=C(C=C3)OCCN4CCCC4,0,[C][C][=C][N][=C][Branch2][Ring1][S][N][=C][Ring1][=Branch1][N][C][=C][C][=Branch1][=Branch1][=C][C][=C][Ring1][=Branch1][S][=Branch1][C][=O][=Branch1][C][=O][N][C][Branch1][C][C][Branch1][C][C][C][N][C][=C][C][=C][Branch1][Branch1][C][=C][Ring1][=Branch1][O][C][C][N][C][C][C][C][Ring1][Branch1],Yes.
51,[O-][N+](=O)C1=CC=C(C=C1)C1=CC=C(O1)C(=O)OC1=CN=CC(Cl)=C1,1.22184875,[O-1][N+1][=Branch1][C][=O][C][=C][C][=C][Branch1][Branch1][C][=C][Ring1][=Branch1][C][=C][C][=C][Branch1][Ring2][O][Ring1][Branch1][C][=Branch1][C][=O][O][C][=C][N][=C][C][Branch1][C][Cl][=C][Ring1][#Branch1],Yes.
248,CCCCCCN(C)C(=O)CCCCOC1=CC2=C(C=C1)N=C3NC(=O)CN3C2,0,[C][C][C][C][C][C][N][Branch1][C][C][C][=Branch1][C][=O][C][C][C][C][O][C][=C][C][=C][Branch1][Branch1][C][=C][Ring1][=Branch1][N][=C][N][C][=Branch1][C][=O][C][N][Ring1][=Branch1][C][Ring1][N],Yes.
89,IC1=CC=C2N(CC3=CC4=CC=CC=C4S3)C(=O)C(=O)C2=C1,0.022276395,[I][C][=C][C][=C][N][Branch1][#C][C][C][=C][C][=C][C][=C][C][=C][Ring1][=Branch1][S][Ring1][=Branch2][C][=Branch1][C][=O][C][=Branch1][C][=O][C][Ring1][P][=C][Ring2][Ring1][Branch1],Yes.
192,CC(C)(C)NC(=O)C1CN(CCN1CC(CC(CC2=CC=CC=C2)C(=O)NC3C(CC4=CC=CC=C34)O)O)CC5=CN=CC=C5,0,[C][C][Branch1][C][C][Branch1][C][C][N][C][=Branch1][C][=O][C][C][N][Branch2][Ring2][=C][C][C][N][Ring1][=Branch1][C][C][Branch2][Ring2][Ring1][C][C][Branch1][#Branch2][C][C][=C][C][=C][C][=C][Ring1][=Branch1][C][=Branch1][C][=O][N][C][C][Branch1][N][C][C][=C][C][=C][C][=C][Ring1][=Branch2][Ring1][=Branch1][O][O][C][C][=C][N][=C][C][=C][Ring1][=Branch1],Yes.
146,CC(=O)NC1C(C=C(OC1C(C(CO)O)O)C(=O)O)N=C(N)N,0,[C][C][=Branch1][C][=O][N][C][C][Branch2][Ring1][Branch2][C][=C][Branch1][#C][O][C][Ring1][=Branch1][C][Branch1][#Branch1][C][Branch1][Ring1][C][O][O][O][C][=Branch1][C][=O][O][N][=C][Branch1][C][N][N],Yes.
181,CC12CCC3C(C1CCC2(C)O)CCC4C3(CC(=CO)C(=O)C4)C,0,[C][C][C][C][C][C][Branch1][=N][C][Ring1][=Branch1][C][C][C][Ring1][=Branch2][Branch1][C][C][O][C][C][C][C][Ring1][N][Branch1][=C][C][C][=Branch1][Ring1][=C][O][C][=Branch1][C][=O][C][Ring1][=Branch2][C],Yes.
129,C1=CC(=C(C=C1OC2=C(C=C(C=C2I)CC(C(=O)O)N)I)I)O,0,[C][=C][C][=Branch2][Ring2][Ring2][=C][Branch2][Ring1][#C][C][=C][Ring1][=Branch1][O][C][=C][Branch2][Ring1][Ring2][C][=C][Branch1][=Branch1][C][=C][Ring1][=Branch1][I][C][C][Branch1][=Branch1][C][=Branch1][C][=O][O][N][I][I][O],Yes.
71,CN1C(=O)C(=O)C2=C1C=CC(=C2)S(=O)(=O)N1CCOCC1,-0.996073654,[C][N][C][=Branch1][C][=O][C][=Branch1][C][=O][C][=C][Ring1][#Branch1][C][=C][C][=Branch1][Ring2][=C][Ring1][=Branch1][S][=Branch1][C][=O][=Branch1][C][=O][N][C][C][O][C][C][Ring1][=Branch1],Yes.
75,CC1CC(C)CN(C1)S(=O)(=O)C1=CC2=C(C=C1)N(CC1=CC=CC=C1)C(=O)C2=O,-0.450249108,[C][C][C][C][Branch1][C][C][C][N][Branch1][Ring2][C][Ring1][#Branch1][S][=Branch1][C][=O][=Branch1][C][=O][C][=C][C][=C][Branch1][Branch1][C][=C][Ring1][=Branch1][N][Branch1][#Branch2][C][C][=C][C][=C][C][=C][Ring1][=Branch1][C][=Branch1][C][=O][C][Ring1][#C][=O],Yes.
155,CNC(=O)C1C(C(C(O1)N2C=NC3=C(N=CN=C32)NCC4=CC(=CC=C4)I)O)O,0,[C][N][C][=Branch1][C][=O][C][C][Branch2][Ring2][Branch2][C][Branch2][Ring2][Ring1][C][Branch1][Ring2][O][Ring1][Branch1][N][C][=N][C][=C][Branch1][=Branch2][N][=C][N][=C][Ring1][=Branch1][Ring1][=Branch2][N][C][C][=C][C][=Branch1][=Branch1][=C][C][=C][Ring1][=Branch1][I][O][O],Yes.
91,IC1=CC=C2N(C\C=C\C3=CC4=CC=CC=C4S3)C(=O)C(=O)C2=C1,-1.371067862,[I][C][=C][C][=C][N][Branch1][P][C][\C][=C][\C][=C][C][=C][C][=C][C][=C][Ring1][=Branch1][S][Ring1][=Branch2][C][=Branch1][C][=O][C][=Branch1][C][=O][C][Ring2][Ring1][Ring1][=C][Ring2][Ring1][#Branch1],No.
184,CC1=C(C(CCC1)(C)C)C=CC(=CC=CC(=CC(=O)O)C)C,0,[C][C][=C][Branch1][=N][C][Branch1][=Branch1][C][C][C][Ring1][=Branch1][Branch1][C][C][C][C][=C][C][=Branch1][=C][=C][C][=C][C][=Branch1][#Branch1][=C][C][=Branch1][C][=O][O][C][C],Yes.
66,CC1CCN(CC1)S(=O)(=O)C1=CC2=C(NC(=O)C2=O)C=C1,-0.071882007,[C][C][C][C][N][Branch1][Branch1][C][C][Ring1][=Branch1][S][=Branch1][C][=O][=Branch1][C][=O][C][=C][C][=C][Branch1][#Branch2][N][C][=Branch1][C][=O][C][Ring1][=Branch1][=O][C][=C][Ring1][O],Yes.
220,CC1=CC(=NN1C2=CC3=CC=CC=C3C=C2)OCCN4CCOCC4,0,[C][C][=C][C][=Branch2][Ring1][Ring1][=N][N][Ring1][Branch1][C][=C][C][=C][C][=C][C][=C][Ring1][=Branch1][C][=C][Ring1][#Branch2][O][C][C][N][C][C][O][C][C][Ring1][=Branch1],Yes.
232,C1=CN=C(C=N1)NNC(=O)C=CN2C=NC(=N2)C3=CC(=CC(=C3)C(F)(F)F)C(F)(F)F,0,[C][=C][N][=C][Branch1][Branch1][C][=N][Ring1][=Branch1][N][N][C][=Branch1][C][=O][C][=C][N][C][=N][C][=Branch1][Ring2][=N][Ring1][Branch1][C][=C][C][=Branch1][S][=C][C][=Branch1][Ring2][=C][Ring1][=Branch1][C][Branch1][C][F][Branch1][C][F][F][C][Branch1][C][F][Branch1][C][F][F],Yes.
205,CN1CCN(CC1)CCOC2=CC3=C(C(=C2)OC4CCOCC4)C(=NC=N3)NC5=C(C=CC6=C5OCO6)Cl,0,[C][N][C][C][N][Branch1][Branch1][C][C][Ring1][=Branch1][C][C][O][C][=C][C][=C][Branch1][S][C][=Branch1][Ring2][=C][Ring1][=Branch1][O][C][C][C][O][C][C][Ring1][=Branch1][C][=Branch1][=Branch1][=N][C][=N][Ring1][#C][N][C][=C][Branch1][N][C][=C][C][=C][Ring1][=Branch1][O][C][O][Ring1][Branch1][Cl],Yes.
174,C1=NC2=C(N1)C(=S)N=CN2,0,[C][=N][C][=C][Branch1][Ring2][N][Ring1][Branch1][C][=Branch1][C][=S][N][=C][N][Ring1][Branch2],Yes.
59,ClC1=CC(OC(=O)C2=CC3=C(OC2=O)C=CC=C3)=CN=C1,0.966576245,[Cl][C][=C][C][Branch2][Ring1][#Branch1][O][C][=Branch1][C][=O][C][=C][C][=C][Branch1][=Branch1][O][C][Ring1][=Branch1][=O][C][=C][C][=C][Ring1][=Branch2][=C][N][=C][Ring2][Ring1][Ring2],Yes.
230,C1=C(C2=C(N1)C(=NC=N2)N)C3C(C(C(N3)CO)O)O.Cl,0,[C][=C][Branch1][P][C][=C][Branch1][Ring2][N][Ring1][Branch1][C][=Branch1][=Branch1][=N][C][=N][Ring1][#Branch1][N][C][C][Branch1][=N][C][Branch1][=Branch2][C][Branch1][Ring2][N][Ring1][Branch1][C][O][O][O].[Cl],Yes.
6,ClC1=CC=C(NC(=O)CSC2=NC=CC(=N2)C2=CC(=NO2)C2=C(Cl)C=CC=C2)C=C1,-1.176091259,[Cl][C][=C][C][=C][Branch2][Ring2][=Branch1][N][C][=Branch1][C][=O][C][S][C][=N][C][=C][C][=Branch1][Ring2][=N][Ring1][=Branch1][C][=C][C][=Branch1][Branch1][=N][O][Ring1][Branch1][C][=C][Branch1][C][Cl][C][=C][C][=C][Ring1][#Branch1][C][=C][Ring2][Ring1][=N],No.
147,CC(C)CN(CC(C(CC1=CC=CC=C1)NC(=O)OC2CCOC2)O)S(=O)(=O)C3=CC=C(C=C3)N,0,[C][C][Branch1][C][C][C][N][Branch2][Ring1][S][C][C][Branch2][Ring1][#Branch2][C][Branch1][#Branch2][C][C][=C][C][=C][C][=C][Ring1][=Branch1][N][C][=Branch1][C][=O][O][C][C][C][O][C][Ring1][Branch1][O][S][=Branch1][C][=O][=Branch1][C][=O][C][=C][C][=C][Branch1][Branch1][C][=C][Ring1][=Branch1][N],Yes.
234,CC1=C(C=CC(=C1)OCC2=NN=C(N2C3=CN=CC=C3)SC4CCCC4)C5=CC=C(C=C5)S(=O)(=O)C,0,[C][C][=C][Branch2][Ring2][Ring2][C][=C][C][=Branch1][Ring2][=C][Ring1][=Branch1][O][C][C][=N][N][=C][Branch1][N][N][Ring1][Branch1][C][=C][N][=C][C][=C][Ring1][=Branch1][S][C][C][C][C][C][Ring1][Branch1][C][=C][C][=C][Branch1][Branch1][C][=C][Ring1][=Branch1][S][=Branch1][C][=O][=Branch1][C][=O][C],Yes.
211,COC1C(OC(CO1)C(CO)O)OC2=CC3=C(C(=C2)OC)C4(C(C(C(C4(O3)C5=CC=C(C=C5)OC)C6=CC=CC=C6)C(=O)OC)O)O,0,[C][O][C][C][Branch1][#C][O][C][Branch1][Branch1][C][O][Ring1][=Branch1][C][Branch1][Ring1][C][O][O][O][C][=C][C][=C][Branch1][=Branch2][C][=Branch1][Ring2][=C][Ring1][=Branch1][O][C][C][Branch2][Ring2][S][C][Branch2][Ring2][O][C][Branch2][Ring1][P][C][Branch2][Ring1][Branch1][C][Ring1][Branch1][Branch1][Ring2][O][Ring1][N][C][=C][C][=C][Branch1][Branch1][C][=C][Ring1][=Branch1][O][C][C][=C][C][=C][C][=C][Ring1][=Branch1][C][=Branch1][C][=O][O][C][O][O],Yes.
138,CC1OCC2C(O1)C(C(C(O2)OC3C4COC(=O)C4C(C5=CC6=C(C=C35)OCO6)C7=CC(=C(C(=C7)OC)O)OC)O)O,0,[C][C][O][C][C][C][Branch1][Ring2][O][Ring1][=Branch1][C][Branch2][Branch1][S][C][Branch2][Branch1][O][C][Branch1][Ring2][O][Ring1][#Branch1][O][C][C][C][O][C][=Branch1][C][=O][C][Ring1][=Branch1][C][Branch2][Ring1][C][C][=C][C][=C][Branch1][#Branch1][C][=C][Ring1][=C][Ring1][=Branch1][O][C][O][Ring1][#Branch1][C][=C][C][=Branch1][=N][=C][Branch1][=Branch2][C][=Branch1][Ring2][=C][Ring1][=Branch1][O][C][O][O][C][O][O],Yes.
161,COC1=C(C=CC(=C1)NC(=O)NC2=CC=CC(=C2)CNC(=O)OC3CCOC3)C4=CN=CO4,0,[C][O][C][=C][Branch2][Ring2][#Branch1][C][=C][C][=Branch1][Ring2][=C][Ring1][=Branch1][N][C][=Branch1][C][=O][N][C][=C][C][=C][C][=Branch1][Ring2][=C][Ring1][=Branch1][C][N][C][=Branch1][C][=O][O][C][C][C][O][C][Ring1][Branch1][C][=C][N][=C][O][Ring1][Branch1],Yes.
141,C1CCNC(C1)C(C2=CC(=NC3=C2C=CC=C3C(F)(F)F)C(F)(F)F)O,0,[C][C][C][N][C][Branch1][Ring2][C][Ring1][=Branch1][C][Branch2][Ring2][C][C][=C][C][=Branch2][Ring1][Ring2][=N][C][=C][Ring1][=Branch1][C][=C][C][=C][Ring1][=Branch1][C][Branch1][C][F][Branch1][C][F][F][C][Branch1][C][F][Branch1][C][F][F][O],Yes.
56,[O-][N+](=O)C1=C(C=CC=C1)C(=O)OC1=CN=CC(Cl)=C1,0.477555766,[O-1][N+1][=Branch1][C][=O][C][=C][Branch1][#Branch1][C][=C][C][=C][Ring1][=Branch1][C][=Branch1][C][=O][O][C][=C][N][=C][C][Branch1][C][Cl][=C][Ring1][#Branch1],Yes.
153,CC1=C(C(=CC=C1)C)OCC(=O)NC(CC2=CC=CC=C2)C(CC(CC3=CC=CC=C3)NC(=O)C(C(C)C)N4CCCNC4=O)O,0,[C][C][=C][Branch1][#Branch2][C][=Branch1][=Branch1][=C][C][=C][Ring1][=Branch1][C][O][C][C][=Branch1][C][=O][N][C][Branch1][#Branch2][C][C][=C][C][=C][C][=C][Ring1][=Branch1][C][Branch2][Ring2][Ring2][C][C][Branch1][#Branch2][C][C][=C][C][=C][C][=C][Ring1][=Branch1][N][C][=Branch1][C][=O][C][Branch1][=Branch1][C][Branch1][C][C][C][N][C][C][C][N][C][Ring1][=Branch1][=O][O],Yes.
126,C1CC(=O)NC(=O)C1N2C(=O)C3=CC=CC=C3C2=O,0,[C][C][C][=Branch1][C][=O][N][C][=Branch1][C][=O][C][Ring1][Branch2][N][C][=Branch1][C][=O][C][=C][C][=C][C][=C][Ring1][=Branch1][C][Ring1][#Branch2][=O],Yes.
253,CCOC(=O)C1=CC=C(O1)C2=CC(=NC=N2)NCC(C)C3=CC=CC4=C(C=CN=C43)C(=O)NC.S,0,[C][C][O][C][=Branch1][C][=O][C][=C][C][=C][Branch1][Ring2][O][Ring1][Branch1][C][=C][C][=Branch1][=Branch1][=N][C][=N][Ring1][=Branch1][N][C][C][Branch1][C][C][C][=C][C][=C][C][=C][Branch1][=Branch2][C][=C][N][=C][Ring1][=Branch1][Ring1][#Branch2][C][=Branch1][C][=O][N][C].[S],Yes.
169,CCC1C(C(C(N(CC(CC(C(C(C(C(C(=O)O1)C)OC2CC(C(C(O2)C)O)(C)OC)C)OC3C(C(CC(O3)C)N(C)C)O)(C)O)C)C)C)O)(C)O,0,[C][C][C][C][Branch2][Branch2][C][C][Branch2][#Branch1][=N][C][Branch2][#Branch1][Branch2][N][Branch2][#Branch1][Ring1][C][C][Branch2][=Branch1][=N][C][C][Branch2][=Branch1][Ring2][C][Branch2][Ring2][#Branch2][C][Branch2][Ring2][Branch1][C][Branch1][N][C][Branch1][Branch2][C][=Branch1][C][=O][O][Ring1][S][C][O][C][C][C][Branch1][N][C][Branch1][Branch2][C][Branch1][Ring2][O][Ring1][=Branch1][C][O][Branch1][C][C][O][C][C][O][C][C][Branch1][P][C][Branch1][=Branch2][C][C][Branch1][Ring2][O][Ring1][=Branch1][C][N][Branch1][C][C][C][O][Branch1][C][C][O][C][C][C][O][Branch1][C][C][O],Yes.
135,CCC1CN2CCC3=CC(=C(C=C3C2CC1CC4C5=CC(=C(C=C5CCN4)OC)OC)OC)OC,0,[C][C][C][C][N][C][C][C][=C][C][=Branch2][Ring2][=Branch2][=C][Branch2][Ring2][Ring1][C][=C][Ring1][=Branch1][C][Ring1][#Branch2][C][C][Ring1][=C][C][C][C][=C][C][=Branch1][#C][=C][Branch1][#Branch2][C][=C][Ring1][=Branch1][C][C][N][Ring1][#Branch2][O][C][O][C][O][C][O][C],Yes.
172,CC(=CCC(C1=CC(=O)C2=C(C=CC(=C2C1=O)O)O)O)C,0,[C][C][=Branch2][Ring1][S][=C][C][C][Branch2][Ring1][=Branch2][C][=C][C][=Branch1][C][=O][C][=C][Branch1][=C][C][=C][C][=Branch1][Branch2][=C][Ring1][=Branch1][C][Ring1][O][=O][O][O][O][C],Yes.
28,CC1=COC2=C1C(=O)C(=O)C1=C2C=CC2=C(C)C=CC=C12,-1.587710965,[C][C][=C][O][C][=C][Ring1][Branch1][C][=Branch1][C][=O][C][=Branch1][C][=O][C][=C][Ring1][Branch2][C][=C][C][=C][Branch1][C][C][C][=C][C][=C][Ring1][O][Ring1][#Branch1],No.
32,ClC(Cl)=C(Cl)C(=O)OC1=CC=C(C=C1)S(=O)(=O)C1=CC=C(OC(=O)C(Cl)=C(Cl)Cl)C=C1,0.045757491,[Cl][C][Branch1][C][Cl][=C][Branch1][C][Cl][C][=Branch1][C][=O][O][C][=C][C][=C][Branch1][Branch1][C][=C][Ring1][=Branch1][S][=Branch1][C][=O][=Branch1][C][=O][C][=C][C][=C][Branch1][#C][O][C][=Branch1][C][=O][C][Branch1][C][Cl][=C][Branch1][C][Cl][Cl][C][=C][Ring1][=C],Yes.
38,OC(=O)C1=CC=C(C=C1)S(=O)(=O)C1=CC(Br)=C(O)C(Br)=C1,-1.204119983,[O][C][=Branch1][C][=O][C][=C][C][=C][Branch1][Branch1][C][=C][Ring1][=Branch1][S][=Branch1][C][=O][=Branch1][C][=O][C][=C][C][Branch1][C][Br][=C][Branch1][C][O][C][Branch1][C][Br][=C][Ring1][=Branch2],No.
114,CC1=C(C=NO1)C(=O)NC2=CC=C(C=C2)C(F)(F)F,0,[C][C][=C][Branch1][=Branch1][C][=N][O][Ring1][Branch1][C][=Branch1][C][=O][N][C][=C][C][=C][Branch1][Branch1][C][=C][Ring1][=Branch1][C][Branch1][C][F][Branch1][C][F][F],Yes.
160,[N]=O,0,[NH0][=O],Yes.
10,COC1=C(OC)C=C(NC(=O)CSC2=NC(O)=CC(=N2)C2=CC=CC=C2)C=C1,-1.653212514,[C][O][C][=C][Branch1][Ring1][O][C][C][=C][Branch2][Ring1][=N][N][C][=Branch1][C][=O][C][S][C][=N][C][Branch1][C][O][=C][C][=Branch1][Ring2][=N][Ring1][#Branch1][C][=C][C][=C][C][=C][Ring1][=Branch1][C][=C][Ring2][Ring1][#Branch2],No.
14,CC1=CC(O)=NC(SCC(=O)NC2=CC=C(OC3=CC=C(Cl)C=C3)C=C2)=N1,-2.301029996,[C][C][=C][C][Branch1][C][O][=N][C][Branch2][Ring1][=C][S][C][C][=Branch1][C][=O][N][C][=C][C][=C][Branch1][=N][O][C][=C][C][=C][Branch1][C][Cl][C][=C][Ring1][#Branch1][C][=C][Ring1][=C][=N][Ring2][Ring1][#Branch2],No.
65,O=C1NC2=C(C=C(C=C2)S(=O)(=O)N2CCOCC2)C1=O,-1.102433706,[O][=C][N][C][=C][Branch2][Ring1][Branch2][C][=C][Branch1][Branch1][C][=C][Ring1][=Branch1][S][=Branch1][C][=O][=Branch1][C][=O][N][C][C][O][C][C][Ring1][=Branch1][C][Ring2][Ring1][C][=O],No.
179,CSC1=NC2=NN=C(C(=O)N2N1)[N+](=O)[O-],0,[C][S][C][=N][C][=N][N][=C][Branch1][O][C][=Branch1][C][=O][N][Ring1][#Branch1][N][Ring1][#Branch2][N+1][=Branch1][C][=O][O-1],Yes.
165,CC1C(C(C(C(O1)OC2CC(C3(C4C(CCC3(C2)O)C5(CCC(C5(CC4O)C)C6=CC(=O)OC6)O)CO)O)O)O)O,0,[C][C][C][Branch2][=Branch1][=N][C][Branch2][=Branch1][Branch2][C][Branch2][=Branch1][Ring1][C][Branch1][Ring2][O][Ring1][=Branch1][O][C][C][C][Branch2][Branch1][Branch1][C][Branch2][Ring2][#C][C][C][Branch1][N][C][C][C][Ring1][=Branch1][Branch1][Ring2][C][Ring1][#Branch2][O][C][Branch2][Ring1][O][C][C][C][Branch1][N][C][Ring1][Branch1][Branch1][=Branch1][C][C][Ring1][=C][O][C][C][=C][C][=Branch1][C][=O][O][C][Ring1][=Branch1][O][C][O][O][O][O][O],Yes.
92,ClC1=CC=C(NC(=O)C2=CC=C(CN3C(=O)C(=O)C4=CC(I)=CC=C34)S2)C=C1,-1.099335278,[Cl][C][=C][C][=C][Branch2][Ring2][Branch2][N][C][=Branch1][C][=O][C][=C][C][=C][Branch2][Ring1][Branch2][C][N][C][=Branch1][C][=O][C][=Branch1][C][=O][C][=C][C][Branch1][C][I][=C][C][=C][Ring1][N][Ring1][#Branch1][S][Ring2][Ring1][C][C][=C][Ring2][Ring1][O],No.
9,CC(C)C1=CC=C(NC(=O)CSC2=NC(=CC=N2)C2=CC=CS2)C=C1,-1.602059991,[C][C][Branch1][C][C][C][=C][C][=C][Branch2][Ring1][=Branch2][N][C][=Branch1][C][=O][C][S][C][=N][C][=Branch1][=Branch1][=C][C][=N][Ring1][=Branch1][C][=C][C][=C][S][Ring1][Branch1][C][=C][Ring2][Ring1][=Branch1],No.
2,CSC1=C(C(C)=C(S1)C1=NC(C)=CS1)C1=CC=NC(SCC(=O)NC2=CC=C(Cl)C=C2)=N1,-1.041392685,[C][S][C][=C][Branch2][Ring1][Branch1][C][Branch1][C][C][=C][Branch1][Ring2][S][Ring1][=Branch1][C][=N][C][Branch1][C][C][=C][S][Ring1][=Branch1][C][=C][C][=N][C][Branch2][Ring1][Ring1][S][C][C][=Branch1][C][=O][N][C][=C][C][=C][Branch1][C][Cl][C][=C][Ring1][#Branch1][=N][Ring2][Ring1][C],No.
25,CC1=COC2=C1C(=O)C(=O)C1=C3CCCC(C)(CO)C3=CC=C21,-1.394451681,[C][C][=C][O][C][=C][Ring1][Branch1][C][=Branch1][C][=O][C][=Branch1][C][=O][C][=C][C][C][C][C][Branch1][C][C][Branch1][Ring1][C][O][C][Ring1][=Branch2][=C][C][=C][Ring2][Ring1][Ring1][Ring1][=N],No.
177,C1=NC2=C(N1)C(=S)N=C(N2)N,0,[C][=N][C][=C][Branch1][Ring2][N][Ring1][Branch1][C][=Branch1][C][=S][N][=C][Branch1][Ring2][N][Ring1][Branch2][N],Yes.
17,CCCCC1=CC=C(NC(=O)CSC2=NC(C3CCCCC3)=C(C#N)C(=O)N2)C(C)=C1,-2.301029996,[C][C][C][C][C][=C][C][=C][Branch2][Ring1][P][N][C][=Branch1][C][=O][C][S][C][=N][C][Branch1][=Branch2][C][C][C][C][C][C][Ring1][=Branch1][=C][Branch1][Ring1][C][#N][C][=Branch1][C][=O][N][Ring1][#C][C][Branch1][C][C][=C][Ring2][Ring1][O],No.
242,CCCC1=NN(C2=C1N=C(NC2=O)C3=C(C=CC(=C3)S(=O)(=O)N4CCN(CC4)C)OCC)C,0,[C][C][C][C][=N][N][Branch2][Ring2][S][C][=C][Ring1][Branch1][N][=C][Branch1][=Branch1][N][C][Ring1][=Branch1][=O][C][=C][Branch2][Ring1][O][C][=C][C][=Branch1][Ring2][=C][Ring1][=Branch1][S][=Branch1][C][=O][=Branch1][C][=O][N][C][C][N][Branch1][Branch1][C][C][Ring1][=Branch1][C][O][C][C][C],Yes.
46,CSC1=NN(C2=C(C(C)=NN2C)[N+]([O-])=O)C(C2=CC=CS2)=C1C#N,-1.255272505,[C][S][C][=N][N][Branch2][Ring1][Ring1][C][=C][Branch1][#Branch2][C][Branch1][C][C][=N][N][Ring1][=Branch1][C][N+1][Branch1][C][O-1][=O][C][Branch1][Branch2][C][=C][C][=C][S][Ring1][Branch1][=C][Ring2][Ring1][Ring2][C][#N],No.
149,CCOC(=O)C1C(O1)C(=O)NC(CC(C)C)C(=O)NCCC(C)C,0,[C][C][O][C][=Branch1][C][=O][C][C][Branch1][Ring2][O][Ring1][Ring1][C][=Branch1][C][=O][N][C][Branch1][#Branch1][C][C][Branch1][C][C][C][C][=Branch1][C][=O][N][C][C][C][Branch1][C][C][C],Yes.
229,C1=CC2=C(C=C1C(F)(F)F)N=C(S2)CN3C(=O)C4=NC=CN=C4C(=N3)CC(=O)O,0,[C][=C][C][=C][Branch1][=N][C][=C][Ring1][=Branch1][C][Branch1][C][F][Branch1][C][F][F][N][=C][Branch1][Ring2][S][Ring1][O][C][N][C][=Branch1][C][=O][C][=N][C][=C][N][=C][Ring1][=Branch1][C][=Branch1][Ring2][=N][Ring1][O][C][C][=Branch1][C][=O][O],Yes.
250,CC(C)(C)C(=O)OCON=C(C1=CSC(=N1)N)C(=O)NC2C3N(C2=O)C(=C(CS3)C=C)C(=O)O,0,[C][C][Branch1][C][C][Branch1][C][C][C][=Branch1][C][=O][O][C][O][N][=C][Branch1][O][C][=C][S][C][=Branch1][Ring2][=N][Ring1][Branch1][N][C][=Branch1][C][=O][N][C][C][N][Branch1][Branch1][C][Ring1][Ring2][=O][C][=Branch1][#Branch2][=C][Branch1][Branch1][C][S][Ring1][Branch2][C][=C][C][=Branch1][C][=O][O],Yes.
74,CC1CCN(CC1)S(=O)(=O)C1=CC2=C(C=C1)N(C)C(=O)C2=O,-1.2509077,[C][C][C][C][N][Branch1][Branch1][C][C][Ring1][=Branch1][S][=Branch1][C][=O][=Branch1][C][=O][C][=C][C][=C][Branch1][Branch1][C][=C][Ring1][=Branch1][N][Branch1][C][C][C][=Branch1][C][=O][C][Ring1][=Branch2][=O],No.
43,CC1=C(C=C(O1)C(C)(C)C)C1=NNC(NS(=O)(=O)C2=CC=CS2)=C1,-1,[C][C][=C][Branch1][S][C][=C][Branch1][Ring2][O][Ring1][Branch1][C][Branch1][C][C][Branch1][C][C][C][C][=N][N][C][Branch1][S][N][S][=Branch1][C][=O][=Branch1][C][=O][C][=C][C][=C][S][Ring1][Branch1][=C][Ring1][=C],No.
36,CC1=CC=C(C=C1)S(=O)(=O)C1=NC(C)=C(C(C)=C1C#N)[N+]([O-])=O,-1.113943352,[C][C][=C][C][=C][Branch1][Branch1][C][=C][Ring1][=Branch1][S][=Branch1][C][=O][=Branch1][C][=O][C][=N][C][Branch1][C][C][=C][Branch1][#Branch2][C][Branch1][C][C][=C][Ring1][Branch2][C][#N][N+1][Branch1][C][O-1][=O],No.
188,COCCCCC(=NOCCN)C1=CC=C(C=C1)C(F)(F)F,0,[C][O][C][C][C][C][C][=Branch1][=Branch1][=N][O][C][C][N][C][=C][C][=C][Branch1][Branch1][C][=C][Ring1][=Branch1][C][Branch1][C][F][Branch1][C][F][F],Yes.
30,CC(C)C1=CC2=CC=C3C(CCCC3(C)C)=C2C(=O)C1=O,-1.324282455,[C][C][Branch1][C][C][C][=C][C][=C][C][=C][C][Branch1][O][C][C][C][C][Ring1][=Branch1][Branch1][C][C][C][=C][Ring1][N][C][=Branch1][C][=O][C][Ring1][P][=O],No.
0,ClC1=CC(NC(=O)CSC2=NC=CC(=N2)C2=CSC(=N2)C2=CC=CC=C2)=CC(Cl)=C1,-0.477121255,[Cl][C][=C][C][Branch2][Ring2][Ring1][N][C][=Branch1][C][=O][C][S][C][=N][C][=C][C][=Branch1][Ring2][=N][Ring1][=Branch1][C][=C][S][C][=Branch1][Ring2][=N][Ring1][Branch1][C][=C][C][=C][C][=C][Ring1][=Branch1][=C][C][Branch1][C][Cl][=C][Ring2][Ring1][=N],Yes.
159,CCOC(=O)C1=C(N(C2=CC(=C(C(=C21)CN(C)C)O)Br)C)CSC3=CC=CC=C3.O.Cl,0,[C][C][O][C][=Branch1][C][=O][C][=C][Branch2][Ring1][#C][N][Branch2][Ring1][#Branch2][C][=C][C][=Branch2][Ring1][Ring1][=C][Branch1][#C][C][=Branch1][=Branch1][=C][Ring1][=Branch1][Ring1][=Branch2][C][N][Branch1][C][C][C][O][Br][C][C][S][C][=C][C][=C][C][=C][Ring1][=Branch1].[O].[Cl],Yes.
140,C1=NC(=NN1C2C(C(C(O2)CO)O)O)C(=O)N,0,[C][=N][C][=Branch2][Ring1][=Branch1][=N][N][Ring1][Branch1][C][C][Branch1][=N][C][Branch1][=Branch2][C][Branch1][Ring2][O][Ring1][Branch1][C][O][O][O][C][=Branch1][C][=O][N],Yes.
99,CC(C)C(CCCN(C)CCC1=CC(=C(C=C1)OC)OC)(C#N)C2=CC(=C(C=C2)OC)OC,0,[C][C][Branch1][C][C][C][Branch2][Ring1][#Branch2][C][C][C][N][Branch1][C][C][C][C][C][=C][C][=Branch1][#Branch2][=C][Branch1][Branch1][C][=C][Ring1][=Branch1][O][C][O][C][Branch1][Ring1][C][#N][C][=C][C][=Branch1][#Branch2][=C][Branch1][Branch1][C][=C][Ring1][=Branch1][O][C][O][C],Yes.
195,CC1CCC2CC(C(=CC=CC=CC(CC(C(=O)C(C(C(=CC(C(=O)CC(OC(=O)C3CCCCN3C(=O)C(=O)C1(O2)O)C(C)CC4CCC(C(C4)OC)OCCO)C)C)O)OC)C)C)C)OC,0,[C][C][C][C][C][C][C][Branch2][Branch2][S][C][=Branch2][Branch2][O][=C][C][=C][C][=C][C][Branch2][#Branch1][P][C][C][Branch2][#Branch1][O][C][=Branch1][C][=O][C][Branch2][=Branch1][P][C][Branch2][=Branch1][N][C][=Branch2][=Branch1][#Branch1][=C][C][Branch2][Branch1][P][C][=Branch1][C][=O][C][C][Branch2][Ring1][P][O][C][=Branch1][C][=O][C][C][C][C][C][N][Ring1][=Branch1][C][=Branch1][C][=O][C][=Branch1][C][=O][C][Ring2][Ring2][Branch2][Branch1][Branch1][O][Ring2][Ring2][=Branch1][O][C][Branch1][C][C][C][C][C][C][C][Branch1][=Branch2][C][Branch1][Ring2][C][Ring1][=Branch1][O][C][O][C][C][O][C][C][O][O][C][C][C][C][O][C],Yes.
73,CC1CCN(CC1)S(=O)(=O)C1=CC2=C(C=C1)N(CC1=CC=CC=C1)C(=O)C2=O,-0.017033339,[C][C][C][C][N][Branch1][Branch1][C][C][Ring1][=Branch1][S][=Branch1][C][=O][=Branch1][C][=O][C][=C][C][=C][Branch1][Branch1][C][=C][Ring1][=Branch1][N][Branch1][#Branch2][C][C][=C][C][=C][C][=C][Ring1][=Branch1][C][=Branch1][C][=O][C][Ring1][#C][=O],Yes.
5,FC(F)(F)C1=CC=C(NC(=O)CSC2=NC(=CC=N2)C2=CC(=NO2)C2=CC=C(Cl)C=C2Cl)C=C1,-1.176091259,[F][C][Branch1][C][F][Branch1][C][F][C][=C][C][=C][Branch2][Ring2][#Branch1][N][C][=Branch1][C][=O][C][S][C][=N][C][=Branch1][=Branch1][=C][C][=N][Ring1][=Branch1][C][=C][C][=Branch1][Branch1][=N][O][Ring1][Branch1][C][=C][C][=C][Branch1][C][Cl][C][=C][Ring1][#Branch1][Cl][C][=C][Ring2][Ring1][=C],No.
3,CC1=NC(=CS1)C1=NC(=CS1)C1=NC(SCC(=O)NC2=CC=C(Cl)C=C2)=NC=C1,-1.146128036,[C][C][=N][C][=Branch1][Branch1][=C][S][Ring1][Branch1][C][=N][C][=Branch1][Branch1][=C][S][Ring1][Branch1][C][=N][C][Branch2][Ring1][Ring1][S][C][C][=Branch1][C][=O][N][C][=C][C][=C][Branch1][C][Cl][C][=C][Ring1][#Branch1][=N][C][=C][Ring2][Ring1][C],No.
176,C1=NC2=C(N1)C(=S)N=C(N2)N,0,[C][=N][C][=C][Branch1][Ring2][N][Ring1][Branch1][C][=Branch1][C][=S][N][=C][Branch1][Ring2][N][Ring1][Branch2][N],Yes.
118,C1=CC(=CC=C1C(=O)OC2=CC3=C(C=C2)C=C(C=C3)C(=N)N)N=C(N)N,0,[C][=C][C][=Branch2][Ring2][C][=C][C][=C][Ring1][=Branch1][C][=Branch1][C][=O][O][C][=C][C][=C][Branch1][Branch1][C][=C][Ring1][=Branch1][C][=C][Branch1][Branch1][C][=C][Ring1][Branch2][C][=Branch1][C][=N][N][N][=C][Branch1][C][N][N],Yes.
88,FC1=CC=C2N(CC3=CC4=CC=CC=C4S3)C(=O)C(=O)C2=C1,-0.683047038,[F][C][=C][C][=C][N][Branch1][#C][C][C][=C][C][=C][C][=C][C][=C][Ring1][=Branch1][S][Ring1][=Branch2][C][=Branch1][C][=O][C][=Branch1][C][=O][C][Ring1][P][=C][Ring2][Ring1][Branch1],Yes.
122,CC(C12CC3CC(C1)CC(C3)C2)N,0,[C][C][Branch2][Ring1][Branch1][C][C][C][C][C][Branch1][Ring2][C][Ring1][=Branch1][C][C][Branch1][Ring2][C][Ring1][#Branch1][C][Ring1][#Branch2][N],Yes.
82,CC1CC(C)CN(C1)S(=O)(=O)C1=CC=C2N(CC3=CC=C4C=CC=CC4=C3)C(=O)C(=O)C2=C1,-0.672097858,[C][C][C][C][Branch1][C][C][C][N][Branch1][Ring2][C][Ring1][#Branch1][S][=Branch1][C][=O][=Branch1][C][=O][C][=C][C][=C][N][Branch1][S][C][C][=C][C][=C][C][=C][C][=C][C][Ring1][=Branch1][=C][Ring1][#Branch2][C][=Branch1][C][=O][C][=Branch1][C][=O][C][Ring2][Ring1][C][=C][Ring2][Ring1][=Branch1],Yes.
98,CCN(CC)CC1=C(C=CC(=C1)NC2=C3C=CC(=CC3=NC=C2)Cl)O,0,[C][C][N][Branch1][Ring1][C][C][C][C][=C][Branch2][Ring1][O][C][=C][C][=Branch1][Ring2][=C][Ring1][=Branch1][N][C][=C][C][=C][C][=Branch1][#Branch2][=C][C][Ring1][=Branch1][=N][C][=C][Ring1][#Branch2][Cl][O],Yes.
20,CCOC1=CC=C(C=C1)N1C(=O)CC(SC2=NC(C)=CC(C)=N2)C1=O,-2.477121255,[C][C][O][C][=C][C][=C][Branch1][Branch1][C][=C][Ring1][=Branch1][N][C][=Branch1][C][=O][C][C][Branch1][S][S][C][=N][C][Branch1][C][C][=C][C][Branch1][C][C][=N][Ring1][Branch2][C][Ring1][#C][=O],No.
18,FC(F)(F)C1=CC=CC(NC(=O)CSC2=NC(C3=CC=CC=C3)=C(C#N)C(=O)N2)=C1,-2.301029996,[F][C][Branch1][C][F][Branch1][C][F][C][=C][C][=C][C][Branch2][Ring1][P][N][C][=Branch1][C][=O][C][S][C][=N][C][Branch1][=Branch2][C][=C][C][=C][C][=C][Ring1][=Branch1][=C][Branch1][Ring1][C][#N][C][=Branch1][C][=O][N][Ring1][#C][=C][Ring2][Ring1][#Branch2],No.
130,CC(=O)C1CCC2C1(CCC3C2CCC4=CC(=O)CCC34C)C,0,[C][C][=Branch1][C][=O][C][C][C][C][C][Ring1][Branch1][Branch2][Ring1][#Branch1][C][C][C][C][Ring1][=Branch1][C][C][C][=C][C][=Branch1][C][=O][C][C][C][Ring1][O][Ring1][#Branch1][C][C],Yes.
42,CN1N=C(C=C1C1=CC=C(S1)C(=O)NC1=C(C(C)=NO1)[N+]([O-])=O)C(F)(F)F,-0.698970004,[C][N][N][=C][Branch2][Ring2][Ring2][C][=C][Ring1][Branch1][C][=C][C][=C][Branch1][Ring2][S][Ring1][Branch1][C][=Branch1][C][=O][N][C][=C][Branch1][=Branch2][C][Branch1][C][C][=N][O][Ring1][=Branch1][N+1][Branch1][C][O-1][=O][C][Branch1][C][F][Branch1][C][F][F],Yes.
54,ClC1=CC(OC(=O)C2=CC=NC=C2)=CN=C1,0.785156152,[Cl][C][=C][C][Branch1][=C][O][C][=Branch1][C][=O][C][=C][C][=N][C][=C][Ring1][=Branch1][=C][N][=C][Ring1][#C],Yes.
90,ClC1=C2C(=O)C(=O)N(CC3=CC4=CC=CC=C4S3)C2=CC=C1,-1.049218023,[Cl][C][=C][C][=Branch1][C][=O][C][=Branch1][C][=O][N][Branch1][#C][C][C][=C][C][=C][C][=C][C][=C][Ring1][=Branch1][S][Ring1][=Branch2][C][Ring1][P][=C][C][=C][Ring2][Ring1][Branch1],No.
100,CCCCCCNC(=O)N1C=C(C(=O)NC1=O)F,0,[C][C][C][C][C][C][N][C][=Branch1][C][=O][N][C][=C][Branch1][#Branch2][C][=Branch1][C][=O][N][C][Ring1][#Branch1][=O][F],Yes.
117,CN(C)C(=N)N=C(N)N,0,[C][N][Branch1][C][C][C][=Branch1][C][=N][N][=C][Branch1][C][N][N],Yes.
182,CC12CCC3C(C1CCC2(C)O)CCC4C3(CC(=CO)C(=O)C4)C,0,[C][C][C][C][C][C][Branch1][=N][C][Ring1][=Branch1][C][C][C][Ring1][=Branch2][Branch1][C][C][O][C][C][C][C][Ring1][N][Branch1][=C][C][C][=Branch1][Ring1][=C][O][C][=Branch1][C][=O][C][Ring1][=Branch2][C],Yes.
236,CC1=C(C=C(S1)C(=O)C2=CN=CN=C2NC3CC(C(C3)O)COS(=O)(=O)N)C4C5=C(CCN4)C=CC(=C5)Cl,0,[C][C][=C][Branch2][Ring2][O][C][=C][Branch1][Ring2][S][Ring1][Branch1][C][=Branch1][C][=O][C][=C][N][=C][N][=C][Ring1][=Branch1][N][C][C][C][Branch1][Branch2][C][Branch1][Ring2][C][Ring1][Branch1][O][C][O][S][=Branch1][C][=O][=Branch1][C][=O][N][C][C][=C][Branch1][=Branch1][C][C][N][Ring1][=Branch1][C][=C][C][=Branch1][Ring2][=C][Ring1][=Branch2][Cl],Yes.
105,CCN(CC)C(=S)SSC(=S)N(CC)CC,0,[C][C][N][Branch1][Ring1][C][C][C][=Branch1][C][=S][S][S][C][=Branch1][C][=S][N][Branch1][Ring1][C][C][C][C],Yes.
68,CC1CC(C)CN(C1)S(=O)(=O)C1=CC2=C(NC(=O)C2=O)C=C1,-0.633468456,[C][C][C][C][Branch1][C][C][C][N][Branch1][Ring2][C][Ring1][#Branch1][S][=Branch1][C][=O][=Branch1][C][=O][C][=C][C][=C][Branch1][#Branch2][N][C][=Branch1][C][=O][C][Ring1][=Branch1][=O][C][=C][Ring1][O],Yes.
200,C1=CC=C(C(=C1)C(=O)C2=C(N=CC=C2)C3=C(N(N=N3)CC4=CC(=CC(=C4)C(F)(F)F)C(F)(F)F)C5=CC=NC=C5)Cl,0,[C][=C][C][=C][Branch2][=Branch1][=Branch1][C][=Branch1][Ring2][=C][Ring1][=Branch1][C][=Branch1][C][=O][C][=C][Branch1][#Branch1][N][=C][C][=C][Ring1][=Branch1][C][=C][Branch2][Ring2][Branch1][N][Branch1][Branch1][N][=N][Ring1][Branch1][C][C][=C][C][=Branch1][S][=C][C][=Branch1][Ring2][=C][Ring1][=Branch1][C][Branch1][C][F][Branch1][C][F][F][C][Branch1][C][F][Branch1][C][F][F][C][=C][C][=N][C][=C][Ring1][=Branch1][Cl],Yes.
156,CCC(C)C(C(=O)NC(CC1=CN=CN1)C(=O)N2CCCC2C(=O)O)NC(=O)C(CC3=CC=C(C=C3)O)NC(=O)C(C(C)C)NC(=O)C(CCCN=C(N)N)NC(=O)C(CC(=O)O)N,0,[C][C][C][Branch1][C][C][C][Branch2][Ring1][P][C][=Branch1][C][=O][N][C][Branch1][=Branch2][C][C][=C][N][=C][N][Ring1][Branch1][C][=Branch1][C][=O][N][C][C][C][C][Ring1][Branch1][C][=Branch1][C][=O][O][N][C][=Branch1][C][=O][C][Branch1][=N][C][C][=C][C][=C][Branch1][Branch1][C][=C][Ring1][=Branch1][O][N][C][=Branch1][C][=O][C][Branch1][=Branch1][C][Branch1][C][C][C][N][C][=Branch1][C][=O][C][Branch1][#Branch2][C][C][C][N][=C][Branch1][C][N][N][N][C][=Branch1][C][=O][C][Branch1][#Branch1][C][C][=Branch1][C][=O][O][N],Yes.
175,C1=CC=C(C=C1)CN2C(=O)C(=CC3=CC=C(O3)C4=CC(=C(C=C4)Cl)C(=O)O)SC2=S,0,[C][=C][C][=C][Branch1][Branch1][C][=C][Ring1][=Branch1][C][N][C][=Branch1][C][=O][C][=Branch2][Ring1][=N][=C][C][=C][C][=C][Branch1][Ring2][O][Ring1][Branch1][C][=C][C][=Branch1][=Branch2][=C][Branch1][Branch1][C][=C][Ring1][=Branch1][Cl][C][=Branch1][C][=O][O][S][C][Ring2][Ring1][=Branch1][=S],Yes.
62,O=C1NC2=C(C=C(C=C2)S(=O)(=O)N2CCN(CCC3=CC=CC=C3)CC2)C1=O,-1.542949849,[O][=C][N][C][=C][Branch2][Ring2][Ring2][C][=C][Branch1][Branch1][C][=C][Ring1][=Branch1][S][=Branch1][C][=O][=Branch1][C][=O][N][C][C][N][Branch1][O][C][C][C][=C][C][=C][C][=C][Ring1][=Branch1][C][C][Ring1][=C][C][Ring2][Ring1][#Branch2][=O],No.
163,CCC(C)SSC1=NC=CN1,0,[C][C][C][Branch1][C][C][S][S][C][=N][C][=C][N][Ring1][Branch1],Yes.
123,CC1=C(C=C(C=C1)NC(=O)C2=CC=C(C=C2)CN3CCN(CC3)C)NC4=NC=CC(=N4)C5=CN=CC=C5,0,[C][C][=C][Branch2][Ring2][Ring2][C][=C][Branch1][Branch1][C][=C][Ring1][=Branch1][N][C][=Branch1][C][=O][C][=C][C][=C][Branch1][Branch1][C][=C][Ring1][=Branch1][C][N][C][C][N][Branch1][Branch1][C][C][Ring1][=Branch1][C][N][C][=N][C][=C][C][=Branch1][Ring2][=N][Ring1][=Branch1][C][=C][N][=C][C][=C][Ring1][=Branch1],Yes.
207,C1=CC=C(C=C1)CN2C(=O)N(SC2=O)C3=CC=CC4=CC=CC=C43,0,[C][=C][C][=C][Branch1][Branch1][C][=C][Ring1][=Branch1][C][N][C][=Branch1][C][=O][N][Branch1][=Branch1][S][C][Ring1][=Branch1][=O][C][=C][C][=C][C][=C][C][=C][C][=C][Ring1][=Branch1][Ring1][#Branch2],Yes.
40,[O-][N+](=O)C1=CC=C(C=C1)S(=O)(=O)C1=CC=C(C=C1)[N+]([O-])=O,-1.397940009,[O-1][N+1][=Branch1][C][=O][C][=C][C][=C][Branch1][Branch1][C][=C][Ring1][=Branch1][S][=Branch1][C][=O][=Branch1][C][=O][C][=C][C][=C][Branch1][Branch1][C][=C][Ring1][=Branch1][N+1][Branch1][C][O-1][=O],No.
22,CC(C)(C)C1=CC=C(NC(=O)CSC2=NC(C3CCCCC3)=C(C#N)C(=O)N2)C=C1,-2.544068044,[C][C][Branch1][C][C][Branch1][C][C][C][=C][C][=C][Branch2][Ring1][P][N][C][=Branch1][C][=O][C][S][C][=N][C][Branch1][=Branch2][C][C][C][C][C][C][Ring1][=Branch1][=C][Branch1][Ring1][C][#N][C][=Branch1][C][=O][N][Ring1][#C][C][=C][Ring2][Ring1][#Branch2],No.
193,CCC(C)C1C(CCC2(O1)CC3CC(O2)CC=C(C(C(C=CC=C4COC5C4(C(C=C(C5O)C)C(=O)O3)O)C)OC6CC(C(C(O6)C)OC7CC(C(C(O7)C)O)OC)OC)C)C,0,[C][C][C][Branch1][C][C][C][C][Branch2][Branch2][#Branch2][C][C][C][Branch1][Ring2][O][Ring1][=Branch1][C][C][C][C][Branch1][Ring2][O][Ring1][#Branch1][C][C][=C][Branch2][#Branch1][C][C][Branch2][Ring2][Branch2][C][Branch2][Ring2][Ring1][C][=C][C][=C][C][O][C][C][Ring1][Branch1][Branch2][Ring1][Branch1][C][Branch1][#Branch2][C][=C][Branch1][Branch1][C][Ring1][=Branch1][O][C][C][=Branch1][C][=O][O][Ring2][Ring1][#Branch2][O][C][O][C][C][C][Branch2][Ring1][=C][C][Branch1][Branch2][C][Branch1][Ring2][O][Ring1][=Branch1][C][O][C][C][C][Branch1][N][C][Branch1][Branch2][C][Branch1][Ring2][O][Ring1][=Branch1][C][O][O][C][O][C][C][C],Yes.
251,CC(C)C(=O)OCC1C(C(C(O1)N2C=CC(=NC2=O)NO)O)O,0,[C][C][Branch1][C][C][C][=Branch1][C][=O][O][C][C][C][Branch2][Ring1][=Branch2][C][Branch2][Ring1][Ring2][C][Branch1][Ring2][O][Ring1][Branch1][N][C][=C][C][=Branch1][=Branch1][=N][C][Ring1][=Branch1][=O][N][O][O][O],Yes.
83,CC1=C(CN2C(=O)C(=O)C3=CC(=CC=C23)C#N)C(C)=NO1,-0.857332496,[C][C][=C][Branch2][Ring1][=Branch2][C][N][C][=Branch1][C][=O][C][=Branch1][C][=O][C][=C][C][=Branch1][Branch2][=C][C][=C][Ring1][O][Ring1][=Branch1][C][#N][C][Branch1][C][C][=N][O][Ring2][Ring1][Ring2],Yes.
63,O=C(N1CCN(CC1)S(=O)(=O)C1=CC2=C(NC(=O)C2=O)C=C1)C1=CC=CO1,-1.003029471,[O][=C][Branch2][Ring2][Branch1][N][C][C][N][Branch1][Branch1][C][C][Ring1][=Branch1][S][=Branch1][C][=O][=Branch1][C][=O][C][=C][C][=C][Branch1][#Branch2][N][C][=Branch1][C][=O][C][Ring1][=Branch1][=O][C][=C][Ring1][O][C][=C][C][=C][O][Ring1][Branch1],No.
4,ClC1=CC=C(NC(=O)CSC2=NC=CC(=N2)C2=CC(=NO2)C2=CC=CC=C2)C=C1,-1.176091259,[Cl][C][=C][C][=C][Branch2][Ring2][Ring1][N][C][=Branch1][C][=O][C][S][C][=N][C][=C][C][=Branch1][Ring2][=N][Ring1][=Branch1][C][=C][C][=Branch1][Branch1][=N][O][Ring1][Branch1][C][=C][C][=C][C][=C][Ring1][=Branch1][C][=C][Ring2][Ring1][N],No.
170,C1=CC(=CC=C1CC(C(=O)O)N)N(CCCl)CCCl,0,[C][=C][C][=Branch1][S][=C][C][=C][Ring1][=Branch1][C][C][Branch1][=Branch1][C][=Branch1][C][=O][O][N][N][Branch1][Ring2][C][C][Cl][C][C][Cl],Yes.
134,CC1CC2C3CCC(C3(CC(C2C4(C1=CC(=O)C=C4)C)O)C)(C(=O)CO)O,0,[C][C][C][C][C][C][C][C][Branch2][Ring1][P][C][Ring1][Branch1][Branch2][Ring1][#Branch2][C][C][Branch2][Ring1][Ring2][C][Ring1][=Branch2][C][Branch1][=N][C][Ring1][=N][=C][C][=Branch1][C][=O][C][=C][Ring1][#Branch1][C][O][C][Branch1][#Branch1][C][=Branch1][C][=O][C][O][O],Yes.
27,CC1COC2=C1C(=O)C(=O)C1=C3CCCC(C)(C)C3=CC=C21,-2.35545152,[C][C][C][O][C][=C][Ring1][Branch1][C][=Branch1][C][=O][C][=Branch1][C][=O][C][=C][C][C][C][C][Branch1][C][C][Branch1][C][C][C][Ring1][Branch2][=C][C][=C][Ring2][Ring1][C][Ring1][N],No.
49,O=C(CC1=NCCS1)C1=NC=CS1,-1.602059991,[O][=C][Branch1][=Branch2][C][C][=N][C][C][S][Ring1][Branch1][C][=N][C][=C][S][Ring1][Branch1],No.
64,O=C1NC2=C(C=C(C=C2)S(=O)(=O)N2CCN(CC2)C2=CC=CC=N2)C1=O,-1.710371264,[O][=C][N][C][=C][Branch2][Ring2][C][C][=C][Branch1][Branch1][C][=C][Ring1][=Branch1][S][=Branch1][C][=O][=Branch1][C][=O][N][C][C][N][Branch1][Branch1][C][C][Ring1][=Branch1][C][=C][C][=C][C][=N][Ring1][=Branch1][C][Ring2][Ring1][Branch2][=O],No.
148,CCC(CC)OC1C=C(CC(C1NC(=O)C)N)C(=O)OCC,0,[C][C][C][Branch1][Ring1][C][C][O][C][C][=C][Branch1][#C][C][C][Branch1][#Branch2][C][Ring1][=Branch1][N][C][=Branch1][C][=O][C][N][C][=Branch1][C][=O][O][C][C],Yes.
67,CC1CCCCN1S(=O)(=O)C1=CC2=C(NC(=O)C2=O)C=C1,-0.352182518,[C][C][C][C][C][C][N][Ring1][=Branch1][S][=Branch1][C][=O][=Branch1][C][=O][C][=C][C][=C][Branch1][#Branch2][N][C][=Branch1][C][=O][C][Ring1][=Branch1][=O][C][=C][Ring1][O],Yes.
215,CCC1(CCC(O1)C2(CCC3(O2)CC(C(C(O3)C(C)C(C(C)C(=O)[O-])OC)C)O)C)C4C(CC(O4)C5C(CC(C(O5)(CO)O)C)C)C.[Na+],0,[C][C][C][Branch2][Branch1][=Branch2][C][C][C][Branch1][Ring2][O][Ring1][Branch1][C][Branch2][Ring2][N][C][C][C][Branch1][Ring2][O][Ring1][Branch1][C][C][Branch2][Ring1][=C][C][Branch2][Ring1][=Branch2][C][Branch1][Ring2][O][Ring1][#Branch1][C][Branch1][C][C][C][Branch1][#Branch2][C][Branch1][C][C][C][=Branch1][C][=O][O-1][O][C][C][O][C][C][C][Branch2][Ring1][=N][C][C][Branch1][Ring2][O][Ring1][Branch1][C][C][Branch1][P][C][C][Branch1][N][C][Branch1][Ring2][O][Ring1][=Branch1][Branch1][Ring1][C][O][O][C][C][C].[Na+1],Yes.
209,C1OC2=C(C=C3C=CC(=O)OC3=C2O1)O,0,[C][O][C][=C][Branch2][Ring1][Ring1][C][=C][C][=C][C][=Branch1][C][=O][O][C][Ring1][#Branch1][=C][Ring1][O][O][Ring1][=C][O],Yes.
225,CN(C)C1=NC2=C(N1CC(=O)O)C(=C(C(=C2Br)Br)Br)Br,0,[C][N][Branch1][C][C][C][=N][C][=C][Branch1][#Branch2][N][Ring1][Branch1][C][C][=Branch1][C][=O][O][C][=Branch1][=N][=C][Branch1][=Branch2][C][=Branch1][Branch1][=C][Ring1][O][Br][Br][Br][Br],Yes.
142,CC(=O)OC1=CC=CC=C1C(=O)NC2=NC=C(S2)[N+](=O)[O-],0,[C][C][=Branch1][C][=O][O][C][=C][C][=C][C][=C][Ring1][=Branch1][C][=Branch1][C][=O][N][C][=N][C][=C][Branch1][Ring2][S][Ring1][Branch1][N+1][=Branch1][C][=O][O-1],Yes.
145,CC(C)C1=C(C(=C(N1CCC(CC(CC(=O)O)O)O)C2=CC=C(C=C2)F)C3=CC=CC=C3)C(=O)NC4=CC=CC=C4,0,[C][C][Branch1][C][C][C][=C][Branch2][Ring2][S][C][=Branch2][Ring2][Ring2][=C][Branch2][Ring1][Branch1][N][Ring1][Branch1][C][C][C][Branch1][N][C][C][Branch1][#Branch1][C][C][=Branch1][C][=O][O][O][O][C][=C][C][=C][Branch1][Branch1][C][=C][Ring1][=Branch1][F][C][=C][C][=C][C][=C][Ring1][=Branch1][C][=Branch1][C][=O][N][C][=C][C][=C][C][=C][Ring1][=Branch1],Yes.
76,CN1CCN(CC1)S(=O)(=O)C1=CC=C2N(CC3=CC=C4C=CC=CC4=C3)C(=O)C(=O)C2=C1,-1.918606915,[C][N][C][C][N][Branch1][Branch1][C][C][Ring1][=Branch1][S][=Branch1][C][=O][=Branch1][C][=O][C][=C][C][=C][N][Branch1][S][C][C][=C][C][=C][C][=C][C][=C][C][Ring1][=Branch1][=C][Ring1][#Branch2][C][=Branch1][C][=O][C][=Branch1][C][=O][C][Ring2][Ring1][C][=C][Ring2][Ring1][=Branch1],No.
204,CN1C=NC2=C1C=C(C(=C2F)NC3=C(C=C(C=C3)Br)Cl)C(=O)NOCCO,0,[C][N][C][=N][C][=C][Ring1][Branch1][C][=C][Branch2][Ring1][#Branch1][C][=Branch1][Branch1][=C][Ring1][=Branch1][F][N][C][=C][Branch1][#Branch2][C][=C][Branch1][Branch1][C][=C][Ring1][=Branch1][Br][Cl][C][=Branch1][C][=O][N][O][C][C][O],Yes.
34,[O-][N+](=O)C1=CC(=CC=C1S(=O)(=O)C1=CC=C(Cl)C=C1)C(F)(F)F,-1.079181246,[O-1][N+1][=Branch1][C][=O][C][=C][C][=Branch2][Ring1][Branch2][=C][C][=C][Ring1][=Branch1][S][=Branch1][C][=O][=Branch1][C][=O][C][=C][C][=C][Branch1][C][Cl][C][=C][Ring1][#Branch1][C][Branch1][C][F][Branch1][C][F][F],No.
121,CC(CN1C2=CC=CC=C2SC3=CC=CC=C31)N(C)C,0,[C][C][Branch2][Ring1][=Branch1][C][N][C][=C][C][=C][C][=C][Ring1][=Branch1][S][C][=C][C][=C][C][=C][Ring1][=Branch1][Ring1][=C][N][Branch1][C][C][C],Yes.
171,C1=CC(=CC=C1CC(C(=O)O)N)N(CCCl)CCCl,0,[C][=C][C][=Branch1][S][=C][C][=C][Ring1][=Branch1][C][C][Branch1][=Branch1][C][=Branch1][C][=O][O][N][N][Branch1][Ring2][C][C][Cl][C][C][Cl],Yes.
47,ClC1=CC=C(S1)C1=CSC(CS(=O)(=O)C2=CC=CS2)=N1,-1.255272505,[Cl][C][=C][C][=C][Branch1][Ring2][S][Ring1][Branch1][C][=C][S][C][Branch1][S][C][S][=Branch1][C][=O][=Branch1][C][=O][C][=C][C][=C][S][Ring1][Branch1][=N][Ring1][=C],No.
13,CC1=CC(=O)NC(SCC(=O)NC2=C(OC3=CC=CC=C3)C=CC(Cl)=C2)=N1,-2,[C][C][=C][C][=Branch1][C][=O][N][C][Branch2][Ring1][=C][S][C][C][=Branch1][C][=O][N][C][=C][Branch1][#Branch2][O][C][=C][C][=C][C][=C][Ring1][=Branch1][C][=C][C][Branch1][C][Cl][=C][Ring1][=C][=N][Ring2][Ring1][#Branch2],No.
231,CC#CC(=O)N1CCCC1C2=NC(=C3N2C=CN=C3N)C4=CC=C(C=C4)C(=O)NC5=CC=CC=N5,0,[C][C][#C][C][=Branch1][C][=O][N][C][C][C][C][Ring1][Branch1][C][=N][C][=Branch1][N][=C][N][Ring1][Branch1][C][=C][N][=C][Ring1][=Branch1][N][C][=C][C][=C][Branch1][Branch1][C][=C][Ring1][=Branch1][C][=Branch1][C][=O][N][C][=C][C][=C][C][=N][Ring1][=Branch1],Yes.
154,CCCCCCCCC1=CC=C(C=C1)CCC(CO)(CO)N,0,[C][C][C][C][C][C][C][C][C][=C][C][=C][Branch1][Branch1][C][=C][Ring1][=Branch1][C][C][C][Branch1][Ring1][C][O][Branch1][Ring1][C][O][N],Yes.
12,CCC(SC1=NC(C2=CC=CC(OC)=C2)=C(C#N)C(=O)N1)C(=O)NC1=CC=CC(=C1)C(C)=O,-1.77815125,[C][C][C][Branch2][Ring1][#C][S][C][=N][C][Branch1][=N][C][=C][C][=C][C][Branch1][Ring1][O][C][=C][Ring1][Branch2][=C][Branch1][Ring1][C][#N][C][=Branch1][C][=O][N][Ring1][P][C][=Branch1][C][=O][N][C][=C][C][=C][C][=Branch1][Ring2][=C][Ring1][=Branch1][C][Branch1][C][C][=O],No.
37,[O-][N+](=O)C1=C[N+]([O-])=C(C=C1)S(=O)(=O)C1=CC=C(Cl)C=C1,-1.176091259,[O-1][N+1][=Branch1][C][=O][C][=C][N+1][Branch1][C][O-1][=C][Branch1][Branch1][C][=C][Ring1][#Branch1][S][=Branch1][C][=O][=Branch1][C][=O][C][=C][C][=C][Branch1][C][Cl][C][=C][Ring1][#Branch1],No.
244,CN1CCN(CC1)CC(=O)N(C)C2=CC=C(C=C2)N=C(C3=CC=CC=C3)C4=C(NC5=C4C=CC(=C5)C(=O)OC)O,0,[C][N][C][C][N][Branch1][Branch1][C][C][Ring1][=Branch1][C][C][=Branch1][C][=O][N][Branch1][C][C][C][=C][C][=C][Branch1][Branch1][C][=C][Ring1][=Branch1][N][=C][Branch1][=Branch2][C][=C][C][=C][C][=C][Ring1][=Branch1][C][=C][Branch2][Ring1][Ring2][N][C][=C][Ring1][Branch1][C][=C][C][=Branch1][Ring2][=C][Ring1][=Branch1][C][=Branch1][C][=O][O][C][O],Yes.
167,C1=CC(=CC=C1C=CC2=CC(=CC(=C2)O)O)O,0,[C][=C][C][=Branch2][Ring1][=Branch1][=C][C][=C][Ring1][=Branch1][C][=C][C][=C][C][=Branch1][=Branch2][=C][C][=Branch1][Ring2][=C][Ring1][=Branch1][O][O][O],Yes.
113,CNC1(CCCCC1=O)C2=CC=CC=C2Cl,0,[C][N][C][Branch1][=Branch2][C][C][C][C][C][Ring1][=Branch1][=O][C][=C][C][=C][C][=C][Ring1][=Branch1][Cl],Yes.
241,CCNC(=O)C1=CC2=C(N1)C(=O)N(C=C2C3=C(C=CC(=C3)C(C)(C)O)OC4=C(C=C(C=C4C)F)C)C,0,[C][C][N][C][=Branch1][C][=O][C][=C][C][=C][Branch1][Ring2][N][Ring1][Branch1][C][=Branch1][C][=O][N][Branch2][Ring2][=Branch2][C][=C][Ring1][Branch2][C][=C][Branch1][P][C][=C][C][=Branch1][Ring2][=C][Ring1][=Branch1][C][Branch1][C][C][Branch1][C][C][O][O][C][=C][Branch1][O][C][=C][Branch1][=Branch1][C][=C][Ring1][=Branch1][C][F][C][C],Yes.
202,CCCCCCCCCC(=O)NC(CCCN=C(N)N)C(=O)NC(C(C)C)C(=O)NC(CCCCN)C(=O)NC(CCCN=C(N)N)C(=O)CCl,0,[C][C][C][C][C][C][C][C][C][C][=Branch1][C][=O][N][C][Branch1][#Branch2][C][C][C][N][=C][Branch1][C][N][N][C][=Branch1][C][=O][N][C][Branch1][=Branch1][C][Branch1][C][C][C][C][=Branch1][C][=O][N][C][Branch1][=Branch1][C][C][C][C][N][C][=Branch1][C][=O][N][C][Branch1][#Branch2][C][C][C][N][=C][Branch1][C][N][N][C][=Branch1][C][=O][C][Cl],Yes.
190,C1CC(N(C1)C(=O)C(CCCCN)NC(CCC2=CC=CC=C2)C(=O)O)C(=O)O,0,[C][C][C][Branch2][Ring2][=Branch1][N][Branch1][Ring2][C][Ring1][Branch1][C][=Branch1][C][=O][C][Branch1][=Branch1][C][C][C][C][N][N][C][Branch1][O][C][C][C][=C][C][=C][C][=C][Ring1][=Branch1][C][=Branch1][C][=O][O][C][=Branch1][C][=O][O],Yes.
137,CC1OCC2C(O1)C(C(C(O2)OC3C4COC(=O)C4C(C5=CC6=C(C=C35)OCO6)C7=CC(=C(C(=C7)OC)O)OC)O)O,0,[C][C][O][C][C][C][Branch1][Ring2][O][Ring1][=Branch1][C][Branch2][Branch1][S][C][Branch2][Branch1][O][C][Branch1][Ring2][O][Ring1][#Branch1][O][C][C][C][O][C][=Branch1][C][=O][C][Ring1][=Branch1][C][Branch2][Ring1][C][C][=C][C][=C][Branch1][#Branch1][C][=C][Ring1][=C][Ring1][=Branch1][O][C][O][Ring1][#Branch1][C][=C][C][=Branch1][=N][=C][Branch1][=Branch2][C][=Branch1][Ring2][=C][Ring1][=Branch1][O][C][O][O][C][O][O],Yes.
218,C1CCC(C1)C(CC#N)N2C=C(C=N2)C3=C4C=CNC4=NC=N3,0,[C][C][C][C][Branch1][Ring2][C][Ring1][Branch1][C][Branch1][Ring2][C][C][#N][N][C][=C][Branch1][Branch1][C][=N][Ring1][Branch1][C][=C][C][=C][N][C][Ring1][Branch1][=N][C][=N][Ring1][=Branch2],Yes.
152,CC1=CN(C(=O)NC1=O)C2C(C(C(O2)CO)O)F,0,[C][C][=C][N][Branch1][#Branch2][C][=Branch1][C][=O][N][C][Ring1][#Branch1][=O][C][C][Branch1][=N][C][Branch1][=Branch2][C][Branch1][Ring2][O][Ring1][Branch1][C][O][O][F],Yes.
84,FC1=CC(Cl)=C(CN2C(=O)C(=O)C3=CC(I)=CC=C23)C=C1,-0.973127854,[F][C][=C][C][Branch1][C][Cl][=C][Branch2][Ring1][Branch2][C][N][C][=Branch1][C][=O][C][=Branch1][C][=O][C][=C][C][Branch1][C][I][=C][C][=C][Ring1][N][Ring1][#Branch1][C][=C][Ring2][Ring1][Ring2],Yes.
7,CCCC1=CC(Cl)=NC(SCC(=O)NC2=CC=C(Cl)C=C2)=N1,-1.477121255,[C][C][C][C][=C][C][Branch1][C][Cl][=N][C][Branch2][Ring1][Ring1][S][C][C][=Branch1][C][=O][N][C][=C][C][=C][Branch1][C][Cl][C][=C][Ring1][#Branch1][=N][Ring2][Ring1][Ring1],No.
164,C1=CN(C(=O)N=C1NO)C2C(C(C(O2)CO)O)O,0,[C][=C][N][Branch1][O][C][=Branch1][C][=O][N][=C][Ring1][#Branch1][N][O][C][C][Branch1][=N][C][Branch1][=Branch2][C][Branch1][Ring2][O][Ring1][Branch1][C][O][O][O],Yes.
16,COC(OC)C1=CC(O)=NC(SCC(=O)NC2=CC=C(C=C2)C(F)(F)F)=N1,-2.301029996,[C][O][C][Branch1][Ring1][O][C][C][=C][C][Branch1][C][O][=N][C][Branch2][Ring1][#Branch2][S][C][C][=Branch1][C][=O][N][C][=C][C][=C][Branch1][Branch1][C][=C][Ring1][=Branch1][C][Branch1][C][F][Branch1][C][F][F][=N][Ring2][Ring1][=Branch1],No.
203,CC#CCN1C2=C(N=C1N3CCCC(C3)N)N(C(=O)N(C2=O)CC4=NC5=CC=CC=C5C(=N4)C)C,0,[C][C][#C][C][N][C][=C][Branch1][S][N][=C][Ring1][Branch1][N][C][C][C][C][Branch1][Ring2][C][Ring1][=Branch1][N][N][Branch2][Ring1][=C][C][=Branch1][C][=O][N][Branch1][Branch1][C][Ring1][S][=O][C][C][=N][C][=C][C][=C][C][=C][Ring1][=Branch1][C][=Branch1][Ring2][=N][Ring1][#Branch2][C][C],Yes.
228,CC1=CC(=C(N1C2=CC=CC=C2)C)C=CC3=[N+](C4=C(C=C3)C=C(C=C4)N(C)C)C.CC1=CC(=C(N1C2=CC=CC=C2)C)C=CC3=[N+](C4=C(C=C3)C=C(C=C4)N(C)C)C.C1=CC=C2C(=C1)C=C(C(=C2CC3=C(C(=CC4=CC=CC=C43)C(=O)O)[O-])[O-])C(=O)O,0,[C][C][=C][C][=Branch1][S][=C][Branch1][N][N][Ring1][Branch1][C][=C][C][=C][C][=C][Ring1][=Branch1][C][C][=C][C][=N+1][Branch2][Ring1][=Branch1][C][=C][Branch1][Branch1][C][=C][Ring1][=Branch1][C][=C][Branch1][Branch1][C][=C][Ring1][Branch2][N][Branch1][C][C][C][C].[C][C][=C][C][=Branch1][S][=C][Branch1][N][N][Ring1][Branch1][C][=C][C][=C][C][=C][Ring1][=Branch1][C][C][=C][C][=N+1][Branch2][Ring1][=Branch1][C][=C][Branch1][Branch1][C][=C][Ring1][=Branch1][C][=C][Branch1][Branch1][C][=C][Ring1][Branch2][N][Branch1][C][C][C][C].[C][=C][C][=C][C][=Branch1][Ring2][=C][Ring1][=Branch1][C][=C][Branch2][Ring2][Ring1][C][=Branch2][Ring1][=C][=C][Ring1][#Branch1][C][C][=C][Branch2][Ring1][Ring2][C][=Branch1][N][=C][C][=C][C][=C][C][=C][Ring1][=Branch1][Ring1][#Branch2][C][=Branch1][C][=O][O][O-1][O-1][C][=Branch1][C][=O][O],Yes.
96,C1C2CC3CC1CC(C2)(C3)N,0,[C][C][C][C][C][C][Ring1][=Branch1][C][C][Branch1][Ring2][C][Ring1][Branch2][Branch1][Ring2][C][Ring1][#Branch1][N],Yes.
111,CC1=C(C2=C(N1C(=O)C3=CC=C(C=C3)Cl)C=CC(=C2)OC)CC(=O)O,0,[C][C][=C][Branch2][Ring2][C][C][=C][Branch2][Ring1][Ring1][N][Ring1][Branch1][C][=Branch1][C][=O][C][=C][C][=C][Branch1][Branch1][C][=C][Ring1][=Branch1][Cl][C][=C][C][=Branch1][Ring2][=C][Ring1][S][O][C][C][C][=Branch1][C][=O][O],Yes.
206,CC1(C2C1C(N(C2)C(=O)C(C(C)(C)C)NC(=O)NC(C)(C)C)C(=O)NC(CC3CCC3)C(=O)C(=O)N)C,0,[C][C][Branch2][=Branch1][Ring2][C][C][Ring1][Ring1][C][Branch2][Ring2][Ring2][N][Branch1][Ring2][C][Ring1][Branch1][C][=Branch1][C][=O][C][Branch1][=Branch2][C][Branch1][C][C][Branch1][C][C][C][N][C][=Branch1][C][=O][N][C][Branch1][C][C][Branch1][C][C][C][C][=Branch1][C][=O][N][C][Branch1][Branch2][C][C][C][C][C][Ring1][Ring2][C][=Branch1][C][=O][C][=Branch1][C][=O][N][C],Yes.
239,CC1=CC(C(C(C1)C2=C(C=C(C=C2)O)O)C(=O)C3=C(C=C(C=C3)O)O)C4=C(C5=C(C=C4O)OC6(C7=C(C=C(C=C7)O)OC6(C5=O)CC=C(C)C)O)O,0,[C][C][=C][C][Branch2][Ring2][O][C][Branch2][Ring1][Branch1][C][Branch1][Ring2][C][Ring1][=Branch1][C][=C][Branch1][#Branch2][C][=C][Branch1][Branch1][C][=C][Ring1][=Branch1][O][O][C][=Branch1][C][=O][C][=C][Branch1][#Branch2][C][=C][Branch1][Branch1][C][=C][Ring1][=Branch1][O][O][C][=C][Branch2][Ring2][=C][C][=C][Branch1][=Branch1][C][=C][Ring1][=Branch1][O][O][C][Branch2][Ring1][#C][C][=C][Branch1][#Branch2][C][=C][Branch1][Branch1][C][=C][Ring1][=Branch1][O][O][C][Ring1][#Branch2][Branch1][Branch1][C][Ring1][P][=O][C][C][=C][Branch1][C][C][C][O][O],Yes.
222,CC(C)N1C2=NC=NC(=C2C(=N1)C3=CC4=C(C=C3)OC(=N4)N)N,0,[C][C][Branch1][C][C][N][C][=N][C][=N][C][=Branch2][Ring1][N][=C][Ring1][=Branch1][C][=Branch1][Ring2][=N][Ring1][=Branch2][C][=C][C][=C][Branch1][Branch1][C][=C][Ring1][=Branch1][O][C][=Branch1][Ring2][=N][Ring1][#Branch1][N][N],Yes.
94,CC(=O)NC1C(C(C(OC1O)COS(=O)(=O)O)OC2C(C(C(C(O2)C(=O)O)OC3C(C(C(C(O3)CO)OC4C(C(C(C(O4)C(=O)O)O)O)OS(=O)(=O)O)OS(=O)(=O)O)NS(=O)(=O)O)O)OS(=O)(=O)O)O,0,[C][C][=Branch1][C][=O][N][C][C][Branch2][#Branch2][C][C][Branch2][Ring1][Ring1][C][Branch1][=Branch1][O][C][Ring1][=Branch1][O][C][O][S][=Branch1][C][=O][=Branch1][C][=O][O][O][C][C][Branch2][#Branch1][=N][C][Branch2][#Branch1][Branch2][C][Branch1][N][C][Branch1][Ring2][O][Ring1][=Branch1][C][=Branch1][C][=O][O][O][C][C][Branch2][Branch1][O][C][Branch2][Ring2][=C][C][Branch1][=Branch2][C][Branch1][Ring2][O][Ring1][=Branch1][C][O][O][C][C][Branch2][Ring1][Ring2][C][Branch1][S][C][Branch1][N][C][Branch1][Ring2][O][Ring1][=Branch1][C][=Branch1][C][=O][O][O][O][O][S][=Branch1][C][=O][=Branch1][C][=O][O][O][S][=Branch1][C][=O][=Branch1][C][=O][O][N][S][=Branch1][C][=O][=Branch1][C][=O][O][O][O][S][=Branch1][C][=O][=Branch1][C][=O][O][O],Yes.
210,CC1=C2C(=C(N(C1=O)C)NC3=C(C=C(C=C3)I)F)C(=O)N(C(=O)N2C4=CC=CC(=C4)NC(=O)C)C5CC5,0,[C][C][=C][C][=Branch2][Ring1][O][=C][Branch1][=Branch2][N][Branch1][Branch1][C][Ring1][=Branch1][=O][C][N][C][=C][Branch1][#Branch2][C][=C][Branch1][Branch1][C][=C][Ring1][=Branch1][I][F][C][=Branch1][C][=O][N][Branch2][Ring1][=Branch2][C][=Branch1][C][=O][N][Ring2][Ring1][=Branch1][C][=C][C][=C][C][=Branch1][Ring2][=C][Ring1][=Branch1][N][C][=Branch1][C][=O][C][C][C][C][Ring1][Ring1],Yes.
212,CC1=C(C(=CC=C1)C)OCC(=O)NC(CC2=CC=CC=C2)C(CC(CC3=CC=CC=C3)NC(=O)C(C(C)C)N4CCCNC4=O)O.CC(C)C1=NC(=CS1)CN(C)C(=O)NC(C(C)C)C(=O)NC(CC2=CC=CC=C2)CC(C(CC3=CC=CC=C3)NC(=O)OCC4=CN=CS4)O,0,[C][C][=C][Branch1][#Branch2][C][=Branch1][=Branch1][=C][C][=C][Ring1][=Branch1][C][O][C][C][=Branch1][C][=O][N][C][Branch1][#Branch2][C][C][=C][C][=C][C][=C][Ring1][=Branch1][C][Branch2][Ring2][Ring2][C][C][Branch1][#Branch2][C][C][=C][C][=C][C][=C][Ring1][=Branch1][N][C][=Branch1][C][=O][C][Branch1][=Branch1][C][Branch1][C][C][C][N][C][C][C][N][C][Ring1][=Branch1][=O][O].[C][C][Branch1][C][C][C][=N][C][=Branch1][Branch1][=C][S][Ring1][Branch1][C][N][Branch1][C][C][C][=Branch1][C][=O][N][C][Branch1][=Branch1][C][Branch1][C][C][C][C][=Branch1][C][=O][N][C][Branch1][#Branch2][C][C][=C][C][=C][C][=C][Ring1][=Branch1][C][C][Branch2][Ring1][O][C][Branch1][#Branch2][C][C][=C][C][=C][C][=C][Ring1][=Branch1][N][C][=Branch1][C][=O][O][C][C][=C][N][=C][S][Ring1][Branch1][O],Yes.
136,CC(=O)NC(CS)C(=O)O,0,[C][C][=Branch1][C][=O][N][C][Branch1][Ring1][C][S][C][=Branch1][C][=O][O],Yes.
223,CC(C1=CC=CC2=CC=CC=C21)N3CCC(CC3)C(=O)NCC4=CC5=C(C=C4)OCO5,0,[C][C][Branch1][#C][C][=C][C][=C][C][=C][C][=C][C][=C][Ring1][=Branch1][Ring1][#Branch2][N][C][C][C][Branch1][Branch1][C][C][Ring1][=Branch1][C][=Branch1][C][=O][N][C][C][=C][C][=C][Branch1][Branch1][C][=C][Ring1][=Branch1][O][C][O][Ring1][#Branch1],Yes.
243,C1=NC2=C(N1CCC(CO)CO)N=C(NC2=O)N,0,[C][=N][C][=C][Branch1][=N][N][Ring1][Branch1][C][C][C][Branch1][Ring1][C][O][C][O][N][=C][Branch1][=Branch1][N][C][Ring1][=C][=O][N],Yes.
124,CC1=C(C=C(C=C1)C(=O)NC2=C3C(=CC(=CC3=C(C=C2)S(=O)(=O)O)S(=O)(=O)O)S(=O)(=O)O)NC(=O)C4=CC(=CC=C4)NC(=O)NC5=CC=CC(=C5)C(=O)NC6=C(C=CC(=C6)C(=O)NC7=C8C(=CC(=CC8=C(C=C7)S(=O)(=O)O)S(=O)(=O)O)S(=O)(=O)O)C,0,[C][C][=C][Branch2][Branch1][N][C][=C][Branch1][Branch1][C][=C][Ring1][=Branch1][C][=Branch1][C][=O][N][C][=C][C][=Branch2][Ring1][P][=C][C][=Branch2][Ring1][Ring2][=C][C][Ring1][=Branch1][=C][Branch1][Branch1][C][=C][Ring1][#Branch2][S][=Branch1][C][=O][=Branch1][C][=O][O][S][=Branch1][C][=O][=Branch1][C][=O][O][S][=Branch1][C][=O][=Branch1][C][=O][O][N][C][=Branch1][C][=O][C][=C][C][=Branch1][=Branch1][=C][C][=C][Ring1][=Branch1][N][C][=Branch1][C][=O][N][C][=C][C][=C][C][=Branch1][Ring2][=C][Ring1][=Branch1][C][=Branch1][C][=O][N][C][=C][Branch2][Branch1][N][C][=C][C][=Branch1][Ring2][=C][Ring1][=Branch1][C][=Branch1][C][=O][N][C][=C][C][=Branch2][Ring1][P][=C][C][=Branch2][Ring1][Ring2][=C][C][Ring1][=Branch1][=C][Branch1][Branch1][C][=C][Ring1][#Branch2][S][=Branch1][C][=O][=Branch1][C][=O][O][S][=Branch1][C][=O][=Branch1][C][=O][O][S][=Branch1][C][=O][=Branch1][C][=O][O][C],Yes.
131,CC(=O)C1CCC2C1(CCC3C2CCC4=CC(=O)CCC34C)C,0,[C][C][=Branch1][C][=O][C][C][C][C][C][Ring1][Branch1][Branch2][Ring1][#Branch1][C][C][C][C][Ring1][=Branch1][C][C][C][=C][C][=Branch1][C][=O][C][C][C][Ring1][O][Ring1][#Branch1][C][C],Yes.
120,C1=CC=C(C=C1)N=NC2=C(N=C(C=C2)N)N,0,[C][=C][C][=C][Branch1][Branch1][C][=C][Ring1][=Branch1][N][=N][C][=C][Branch1][#Branch2][N][=C][Branch1][Branch1][C][=C][Ring1][=Branch1][N][N],Yes.
104,CC(=O)N(CCCCCNC(=O)CCC(=O)N(CCCCCNC(=O)CCC(=O)N(CCCCCN)O)O)O,0,[C][C][=Branch1][C][=O][N][Branch2][Ring2][S][C][C][C][C][C][N][C][=Branch1][C][=O][C][C][C][=Branch1][C][=O][N][Branch2][Ring1][O][C][C][C][C][C][N][C][=Branch1][C][=O][C][C][C][=Branch1][C][=O][N][Branch1][#Branch1][C][C][C][C][C][N][O][O][O],Yes.
78,O=C1N(CC2=CC=C3C=CC=CC3=C2)C2=CC=C(C=C2C1=O)S(=O)(=O)N1CCN(CC1)C1=CC=CC=N1,-0.741939078,[O][=C][N][Branch1][S][C][C][=C][C][=C][C][=C][C][=C][C][Ring1][=Branch1][=C][Ring1][#Branch2][C][=C][C][=C][Branch1][#Branch2][C][=C][Ring1][=Branch1][C][Ring2][Ring1][Ring2][=O][S][=Branch1][C][=O][=Branch1][C][=O][N][C][C][N][Branch1][Branch1][C][C][Ring1][=Branch1][C][=C][C][=C][C][=N][Ring1][=Branch1],Yes.
199,COC1=CC=CC(=C1)C2=CC(=C(C=C2)NC(=O)C3=C(CCC3)C(=O)O)F,0,[C][O][C][=C][C][=C][C][=Branch1][Ring2][=C][Ring1][=Branch1][C][=C][C][=Branch2][Ring1][O][=C][Branch1][Branch1][C][=C][Ring1][=Branch1][N][C][=Branch1][C][=O][C][=C][Branch1][=Branch1][C][C][C][Ring1][Branch1][C][=Branch1][C][=O][O][F],Yes.
238,CC1=C(C(=CC=C1)F)C(=O)NC2=NC=C(N=C2)C3=CC4=C(C=C3Cl)OC(O4)(F)F,0,[C][C][=C][Branch1][#Branch2][C][=Branch1][=Branch1][=C][C][=C][Ring1][=Branch1][F][C][=Branch1][C][=O][N][C][=N][C][=C][Branch1][Branch1][N][=C][Ring1][=Branch1][C][=C][C][=C][Branch1][=Branch1][C][=C][Ring1][=Branch1][Cl][O][C][Branch1][Ring2][O][Ring1][Branch2][Branch1][C][F][F],Yes.
221,CCC(C)C(C(=O)NC(C(C)O)C(=O)NC(C(C)C)C(=O)NC(CCCCN)C(=O)NC(CC(=O)O)C(=O)NC(CC(C)C)C(=O)NC(CCCCN)C(=O)NC(CCC(=O)O)C(=O)NC(CCCCN)C(=O)NC(CCCCN)C(=O)NC(CCC(=O)O)C(=O)NC(C(C)C)C(=O)NC(C(C)C)C(=O)NC(CCC(=O)O)C(=O)NC(CCC(=O)O)C(=O)NC(C)C(=O)NC(CCC(=O)O)C(=O)O)NC(=O)C(CCC(=O)O)NC(=O)C(CO)NC(=O)C(CO)NC(=O)C(C(C)C)NC(=O)C(CC(=O)O)NC(=O)C(C(C)C)NC(=O)C(C)NC(=O)C(C)NC(=O)C(CC(=O)O)NC(=O)C(CO)NC(=O)C(CS)N,0,[C][C][C][Branch1][C][C][C][Branch2][#C][=C][C][=Branch1][C][=O][N][C][Branch1][=Branch1][C][Branch1][C][C][O][C][=Branch1][C][=O][N][C][Branch1][=Branch1][C][Branch1][C][C][C][C][=Branch1][C][=O][N][C][Branch1][=Branch1][C][C][C][C][N][C][=Branch1][C][=O][N][C][Branch1][#Branch1][C][C][=Branch1][C][=O][O][C][=Branch1][C][=O][N][C][Branch1][#Branch1][C][C][Branch1][C][C][C][C][=Branch1][C][=O][N][C][Branch1][=Branch1][C][C][C][C][N][C][=Branch1][C][=O][N][C][Branch1][Branch2][C][C][C][=Branch1][C][=O][O][C][=Branch1][C][=O][N][C][Branch1][=Branch1][C][C][C][C][N][C][=Branch1][C][=O][N][C][Branch1][=Branch1][C][C][C][C][N][C][=Branch1][C][=O][N][C][Branch1][Branch2][C][C][C][=Branch1][C][=O][O][C][=Branch1][C][=O][N][C][Branch1][=Branch1][C][Branch1][C][C][C][C][=Branch1][C][=O][N][C][Branch1][=Branch1][C][Branch1][C][C][C][C][=Branch1][C][=O][N][C][Branch1][Branch2][C][C][C][=Branch1][C][=O][O][C][=Branch1][C][=O][N][C][Branch1][Branch2][C][C][C][=Branch1][C][=O][O][C][=Branch1][C][=O][N][C][Branch1][C][C][C][=Branch1][C][=O][N][C][Branch1][Branch2][C][C][C][=Branch1][C][=O][O][C][=Branch1][C][=O][O][N][C][=Branch1][C][=O][C][Branch1][Branch2][C][C][C][=Branch1][C][=O][O][N][C][=Branch1][C][=O][C][Branch1][Ring1][C][O][N][C][=Branch1][C][=O][C][Branch1][Ring1][C][O][N][C][=Branch1][C][=O][C][Branch1][=Branch1][C][Branch1][C][C][C][N][C][=Branch1][C][=O][C][Branch1][#Branch1][C][C][=Branch1][C][=O][O][N][C][=Branch1][C][=O][C][Branch1][=Branch1][C][Branch1][C][C][C][N][C][=Branch1][C][=O][C][Branch1][C][C][N][C][=Branch1][C][=O][C][Branch1][C][C][N][C][=Branch1][C][=O][C][Branch1][#Branch1][C][C][=Branch1][C][=O][O][N][C][=Branch1][C][=O][C][Branch1][Ring1][C][O][N][C][=Branch1][C][=O][C][Branch1][Ring1][C][S][N],Yes.
128,CN(C)CCCN1C2=CC=CC=C2SC3=C1C=C(C=C3)C(F)(F)F,0,[C][N][Branch1][C][C][C][C][C][N][C][=C][C][=C][C][=C][Ring1][=Branch1][S][C][=C][Ring1][#Branch2][C][=C][Branch1][Branch1][C][=C][Ring1][=Branch1][C][Branch1][C][F][Branch1][C][F][F],Yes.
187,CC1CCC2CC(C(=CC=CC=CC(CC(C(=O)C(C(C(=CC(C(=O)CC(OC(=O)C3CCCCN3C(=O)C(=O)C1(O2)O)C(C)CC4CCC(C(C4)OC)O)C)C)O)OC)C)C)C)OC,0,[C][C][C][C][C][C][C][Branch2][Branch2][=N][C][=Branch2][Branch2][Branch2][=C][C][=C][C][=C][C][Branch2][#Branch1][=C][C][C][Branch2][#Branch1][Branch2][C][=Branch1][C][=O][C][Branch2][=Branch1][=C][C][Branch2][=Branch1][=Branch2][C][=Branch2][=Branch1][Ring2][=C][C][Branch2][Branch1][=C][C][=Branch1][C][=O][C][C][Branch2][Ring1][P][O][C][=Branch1][C][=O][C][C][C][C][C][N][Ring1][=Branch1][C][=Branch1][C][=O][C][=Branch1][C][=O][C][Ring2][Ring2][Branch2][Branch1][Branch1][O][Ring2][Ring2][=Branch1][O][C][Branch1][C][C][C][C][C][C][C][Branch1][=Branch2][C][Branch1][Ring2][C][Ring1][=Branch1][O][C][O][C][C][O][O][C][C][C][C][O][C],Yes.
249,CC(=CC=CC(=CC=C1C(CC(CC1(C)O)OC(=O)C)(C)C)C)C=CC=CC(=CC(=O)C=C(C=CC2C(CC(CC2(C)C)O)(C)C)C=O)C,0,[C][C][=Branch2][Ring2][=Branch1][=C][C][=C][C][=Branch2][Ring1][=C][=C][C][=C][C][Branch2][Ring1][Ring1][C][C][Branch1][=Branch2][C][C][Ring1][=Branch1][Branch1][C][C][O][O][C][=Branch1][C][=O][C][Branch1][C][C][C][C][C][=C][C][=C][C][=Branch2][Ring2][Ring2][=C][C][=Branch1][C][=O][C][=C][Branch2][Ring1][Branch2][C][=C][C][C][Branch1][=C][C][C][Branch1][=Branch2][C][C][Ring1][=Branch1][Branch1][C][C][C][O][Branch1][C][C][C][C][=O][C],Yes.
189,C1CC1CN2CCC34C5C(=O)CCC3(C2CC6=C4C(=C(C=C6)O)O5)O,0,[C][C][C][Ring1][Ring1][C][N][C][C][C][C][C][=Branch1][C][=O][C][C][C][Ring1][#Branch1][Branch2][Ring1][#Branch1][C][Ring1][O][C][C][=C][Ring1][O][C][=Branch1][=Branch2][=C][Branch1][Branch1][C][=C][Ring1][=Branch1][O][O][Ring1][S][O],Yes.
233,CC(C)CC(C(=O)NC(CC1CCNC1=O)C(O)S(=O)(=O)[O-])NC(=O)OCC2=CC=CC=C2.[Na+],0,[C][C][Branch1][C][C][C][C][Branch2][Ring1][=C][C][=Branch1][C][=O][N][C][Branch1][#Branch2][C][C][C][C][N][C][Ring1][Branch1][=O][C][Branch1][C][O][S][=Branch1][C][=O][=Branch1][C][=O][O-1][N][C][=Branch1][C][=O][O][C][C][=C][C][=C][C][=C][Ring1][=Branch1].[Na+1],Yes.
26,COC(=O)C1(C)CCCC2=C3C(=O)C(=O)C4=C(OC=C4C)C3=CC=C12,-1.324282455,[C][O][C][=Branch1][C][=O][C][Branch1][C][C][C][C][C][C][=C][C][=Branch1][C][=O][C][=Branch1][C][=O][C][=C][Branch1][#Branch1][O][C][=C][Ring1][Branch1][C][C][Ring1][N][=C][C][=C][Ring2][Ring1][Branch1][Ring1][S],No.
183,CC1=C2COC(=O)C2=C(C(=C1OC)CC=C(C)CCC(=O)OCCN3CCOCC3)O,0,[C][C][=C][C][O][C][=Branch1][C][=O][C][Ring1][=Branch1][=C][Branch2][Ring1][S][C][=Branch1][=Branch1][=C][Ring1][#Branch2][O][C][C][C][=C][Branch1][C][C][C][C][C][=Branch1][C][=O][O][C][C][N][C][C][O][C][C][Ring1][=Branch1][O],Yes.
61,COC1=CC(CN2CCN(CC2)S(=O)(=O)C2=CC3=C(NC(=O)C3=O)C=C2)=CC(OC)=C1OC,-1.50623436,[C][O][C][=C][C][Branch2][Ring2][=Branch1][C][N][C][C][N][Branch1][Branch1][C][C][Ring1][=Branch1][S][=Branch1][C][=O][=Branch1][C][=O][C][=C][C][=C][Branch1][#Branch2][N][C][=Branch1][C][=O][C][Ring1][=Branch1][=O][C][=C][Ring1][O][=C][C][Branch1][Ring1][O][C][=C][Ring2][Ring1][=N][O][C],No.
240,C1=CC2=CC3=CC(=C(N3)C=C4C=CC(=N4)C=C5C=CC(=N5)C=C1N2)S(=O)(=O)[O-].C1=CC2=CC3=CC(=C(N3)C=C4C=CC(=N4)C=C5C=CC(=N5)C=C1N2)S(=O)(=O)[O-].C1=CC2=CC3=CC(=C(N3)C=C4C=CC(=N4)C=C5C=CC(=N5)C=C1N2)S(=O)(=O)[O-].[Mn+3],0,[C][=C][C][=C][C][=C][C][=Branch2][Ring2][Ring2][=C][Branch1][Ring2][N][Ring1][Branch1][C][=C][C][=C][C][=Branch1][Ring2][=N][Ring1][Branch1][C][=C][C][=C][C][=Branch1][Ring2][=N][Ring1][Branch1][C][=C][Ring2][Ring1][#Branch1][N][Ring2][Ring1][=Branch1][S][=Branch1][C][=O][=Branch1][C][=O][O-1].[C][=C][C][=C][C][=C][C][=Branch2][Ring2][Ring2][=C][Branch1][Ring2][N][Ring1][Branch1][C][=C][C][=C][C][=Branch1][Ring2][=N][Ring1][Branch1][C][=C][C][=C][C][=Branch1][Ring2][=N][Ring1][Branch1][C][=C][Ring2][Ring1][#Branch1][N][Ring2][Ring1][=Branch1][S][=Branch1][C][=O][=Branch1][C][=O][O-1].[C][=C][C][=C][C][=C][C][=Branch2][Ring2][Ring2][=C][Branch1][Ring2][N][Ring1][Branch1][C][=C][C][=C][C][=Branch1][Ring2][=N][Ring1][Branch1][C][=C][C][=C][C][=Branch1][Ring2][=N][Ring1][Branch1][C][=C][Ring2][Ring1][#Branch1][N][Ring2][Ring1][=Branch1][S][=Branch1][C][=O][=Branch1][C][=O][O-1].[Mn+3],Yes.
162,CCCCCOC1=CC=C(C=C1)C2=CC=C(C=C2)C3=CC=C(C=C3)C(=O)NC4CC(C(NC(=O)C5C(C(CN5C(=O)C(NC(=O)C(NC(=O)C6CC(CN6C(=O)C(NC4=O)C(C)O)O)C(C(C7=CC=C(C=C7)O)O)O)C(C)O)C)O)O)O,0,[C][C][C][C][C][O][C][=C][C][=C][Branch1][Branch1][C][=C][Ring1][=Branch1][C][=C][C][=C][Branch1][Branch1][C][=C][Ring1][=Branch1][C][=C][C][=C][Branch1][Branch1][C][=C][Ring1][=Branch1][C][=Branch1][C][=O][N][C][C][C][Branch2][Branch2][Branch1][C][Branch2][#Branch1][S][N][C][=Branch1][C][=O][C][C][Branch2][#Branch1][Branch1][C][Branch2][=Branch1][S][C][N][Ring1][Branch1][C][=Branch1][C][=O][C][Branch2][Branch1][#C][N][C][=Branch1][C][=O][C][Branch2][Ring2][Ring1][N][C][=Branch1][C][=O][C][C][C][Branch2][Ring1][#Branch1][C][N][Ring1][Branch1][C][=Branch1][C][=O][C][Branch1][#Branch1][N][C][Ring2][Ring1][S][=O][C][Branch1][C][C][O][O][C][Branch1][S][C][Branch1][N][C][=C][C][=C][Branch1][Branch1][C][=C][Ring1][=Branch1][O][O][O][C][Branch1][C][C][O][C][O][O][O],Yes.
132,CC(=O)NC1CCC2=CC(=C(C(=C2C3=CC=C(C(=O)C=C13)OC)OC)OC)OC,0,[C][C][=Branch1][C][=O][N][C][C][C][C][=C][C][=Branch2][Ring2][C][=C][Branch2][Ring1][N][C][=Branch2][Ring1][=Branch1][=C][Ring1][=Branch1][C][=C][C][=C][Branch1][O][C][=Branch1][C][=O][C][=C][Ring1][P][Ring1][Branch2][O][C][O][C][O][C][O][C],Yes.
80,O=C1N(CC2=CC=C3C=CC=CC3=C2)C2=CC=C(C=C2C1=O)S(=O)(=O)N1CCOCC1,-1.600646236,[O][=C][N][Branch1][S][C][C][=C][C][=C][C][=C][C][=C][C][Ring1][=Branch1][=C][Ring1][#Branch2][C][=C][C][=C][Branch1][#Branch2][C][=C][Ring1][=Branch1][C][Ring2][Ring1][Ring2][=O][S][=Branch1][C][=O][=Branch1][C][=O][N][C][C][O][C][C][Ring1][=Branch1],No.
101,COC1=CC=CC=C1OCCNCC(COC2=CC=CC3=C2C4=CC=CC=C4N3)O,0,[C][O][C][=C][C][=C][C][=C][Ring1][=Branch1][O][C][C][N][C][C][Branch2][Ring1][=Branch1][C][O][C][=C][C][=C][C][=C][Ring1][=Branch1][C][=C][C][=C][C][=C][Ring1][=Branch1][N][Ring1][=Branch2][O],Yes.
109,CCN(CCCC(C)NC1=C2C=CC(=CC2=NC=C1)Cl)CCO,0,[C][C][N][Branch2][Ring1][#Branch2][C][C][C][C][Branch1][C][C][N][C][=C][C][=C][C][=Branch1][#Branch2][=C][C][Ring1][=Branch1][=N][C][=C][Ring1][#Branch2][Cl][C][C][O],Yes.
247,CC(C)C1=C(C=C(C(=C1)C2=NNC(=O)N2C3=CC4=C(C=C3)N(C=C4)C)O)OP(=O)(O)O,0,[C][C][Branch1][C][C][C][=C][Branch2][Ring2][=Branch2][C][=C][Branch2][Ring2][Ring1][C][=Branch1][Ring2][=C][Ring1][=Branch1][C][=N][N][C][=Branch1][C][=O][N][Ring1][=Branch1][C][=C][C][=C][Branch1][Branch1][C][=C][Ring1][=Branch1][N][Branch1][Branch1][C][=C][Ring1][#Branch1][C][O][O][P][=Branch1][C][=O][Branch1][C][O][O],Yes.
180,CC1=C(C(=C(C(=C1Br)[N+](=O)[O-])C(=O)O)[N+](=O)[O-])O,0,[C][C][=C][Branch2][Ring1][=C][C][=Branch2][Ring1][Branch1][=C][Branch1][=N][C][=Branch1][Branch1][=C][Ring1][=Branch1][Br][N+1][=Branch1][C][=O][O-1][C][=Branch1][C][=O][O][N+1][=Branch1][C][=O][O-1][O],Yes.
119,C1=CC=C(C=C1)N=NC2=C(N=C(C=C2)N)N,0,[C][=C][C][=C][Branch1][Branch1][C][=C][Ring1][=Branch1][N][=N][C][=C][Branch1][#Branch2][N][=C][Branch1][Branch1][C][=C][Ring1][=Branch1][N][N],Yes.
